annual_return,annual_volatility,sharpe_ratio
0.21796665014600872,0.24759312816816179,0.7995643966804787
0.09028071006779302,0.14913655905429624,0.4712507148713675
0.13064107443010717,0.15762745354686925,0.7019150023711379
0.11476649997864037,0.16509404699224517,0.5740152458864356
0.1316791591010408,0.18661755537802002,0.5984386563998173
0.14114634166814297,0.17583000574243526,0.6889969727101316
0.1420725767918251,0.1697442976871038,0.7191556856704912
0.10392628502429492,0.22250077593488451,0.3771954712142495
0.12800473091429782,0.14136379370841176,0.7640197541463621
0.09744698641869065,0.1473192384167443,0.5257085717454267
0.16744132421313396,0.2000321088267604,0.73708828586528
0.11864809367868163,0.15418382535181777,0.6398083161679619
0.2005235391873039,0.19625224419928794,0.9198546489179913
0.12010143165845397,0.17487065662193615,0.572431267727607
0.11514388589672746,0.16845787614753144,0.5647933363080198
0.19788188094551615,0.22898200464699237,0.7768378184117387
0.10452059425984579,0.24759936747263303,0.3413602995944155
0.07840793642002458,0.13308417726420493,0.4388796446032079
0.08894410571953143,0.23081090530777343,0.298703848622743
0.14508297200852074,0.16908951497265212,0.7397441055333986
0.14021441032255594,0.14631224074805085,0.8216292068793117
0.10649606021352066,0.1630978050260156,0.5303324603278612
0.16053210430769202,0.22965004805113434,0.6119402347192232
0.20661998412974325,0.25500460577785816,0.731829856799972
0.1494378362932254,0.16782262581797003,0.7712776251851825
0.1404134795295484,0.19696185758433038,0.6113543048708945
0.07679665455615184,0.15866296376461328,0.35797046272508387
0.12329349078448114,0.15269662208061477,0.6764621861114144
0.09635522253435319,0.14283283795995005,0.534577507700036
0.10687638774099499,0.18368196556140995,0.4729717883596461
0.20909268695022462,0.21672796090394902,0.8724886542628804
0.14618034857163711,0.15988016164833135,0.789218294945063
0.1573820683424918,0.1319841904284218,1.04089791282235
0.16219557782538988,0.20461744332128864,0.6949338019149988
0.15956576143809129,0.1750907927047562,0.7971050863504379
0.15151484614030544,0.1796396200584548,0.7321037870015005
0.1436915537639267,0.15884488977025135,0.7786939444059584
0.17791413494122144,0.2026857031026989,0.7791084053975325
0.13242040095137236,0.1611911536672898,0.6974353020849778
0.14454879508094712,0.1839978701460463,0.6769034607959749
0.11739461730211086,0.1318805334104569,0.7385063950187841
0.10592345463779534,0.18377577486472263,0.467545054298063
0.16072734985733939,0.16630700039885357,0.8461901755177679
0.2102383842860383,0.2394654769488273,0.7944292710163453
0.12735391489849177,0.22181089623416358,0.48398846369187964
0.1346329493234333,0.19858161147065165,0.5772586317257018
0.19188451071100213,0.16964879954044879,1.0131784673785464
0.1924357864011643,0.22541270366597052,0.7649781205618719
0.10531695294057665,0.19242928719404598,0.4433678167426921
0.12729464558771433,0.17042132592419468,0.6295846192127398
0.12966619919745898,0.1468978929461007,0.7465471219365777
0.08932801410624867,0.13144514536168642,0.5274292475046125
0.12003207663414948,0.13617498809847958,0.7345848017391261
0.17436069749781588,0.23316956960296817,0.6620104748688053
0.10985478893530584,0.15595467790519707,0.5761596262596718
0.14012657989770505,0.17428562920415644,0.6892512047392615
0.14361062958268372,0.14416998390362817,0.857395043238074
0.17384939853250167,0.21963086860335962,0.7004907803299025
0.2109536213752273,0.22421139678688684,0.8516677747506695
0.10816063649938762,0.1972923499304246,0.4468527874014252
0.13802850137182807,0.1323464837723605,0.8918144102327664
0.1513815585209494,0.18537929381758259,0.7087175477657813
0.12502545889156663,0.18009123949761252,0.5831791662079097
0.08907450494799486,0.1261708679960139,0.5474679380835925
0.11521834894953199,0.19820816701627128,0.48039568895117896
0.09245599960992393,0.1435932533226758,0.5045919493662026
0.10910559791888982,0.16046811335149844,0.5552853838550957
0.12422201747778483,0.13999042863201677,0.7444938807334185
0.18654254958694674,0.21298516077380372,0.7819443804529634
0.1470122696018802,0.2073341231068778,0.6125970375672662
0.1626457718694156,0.1646181410949125,0.8665252257172041
0.18500300272609538,0.23301111753514767,0.7081336052611573
0.15490107212389073,0.13525590983967675,0.9973765455704922
0.23517566079866814,0.2742767267536759,0.7845203030730142
0.08306364602969891,0.14142163660490814,0.44592643349108463
0.18832553633118235,0.1912337669434591,0.8802082342547283
0.17759655173449834,0.24399782593542427,0.6458932620826194
0.1320807586215347,0.19124945975867608,0.5860448377891437
0.20031630510675186,0.2653584285381021,0.6795197955465008
0.14164625141768142,0.16284969160160473,0.7469848436389837
0.18458466573953475,0.19367113451289208,0.849815157811134
0.11914352792370542,0.13149211146371612,0.7539884090389942
0.1294421904850866,0.12916615305782503,0.847297747081556
0.30264487317109695,0.41066616414556767,0.6882594619383071
0.1338788555525145,0.22600406435411588,0.5038796796772765
0.08705980645589946,0.11936286418965865,0.5618146557655189
0.1688005983242575,0.19478546337215083,0.7639204473896694
0.1082941369206667,0.15169901033312416,0.582035022685888
0.16368698524412467,0.18808697187330725,0.7639390640033815
0.13820919172035384,0.14514785652307113,0.814405355697172
0.17283460306296122,0.17920428740656968,0.852851264190001
0.18449365534213558,0.24153249068495358,0.6810415231327833
0.1451573480414002,0.18575492178663353,0.6737767529258879
0.1945966641599925,0.22251982818909127,0.7846341855505345
0.14045518307942256,0.20062279329852262,0.6004062703891662
0.1978361220753621,0.26418026976052883,0.6731620125778697
0.11504908122936773,0.1884317535849135,0.5044217835957012
0.12218116798090965,0.1452841800287077,0.7033193012530269
0.17232985697595818,0.15329526890679782,0.9937022718461939
0.15425049744854946,0.196937035182129,0.6816924877760727
0.17236982372318574,0.23106551438947787,0.6594226062931885
0.11613911981613548,0.16392365571704517,0.5864871631589577
0.11276866466306724,0.14484082035565832,0.6404870148848419
0.15250847381087448,0.1606068618681493,0.8250486453041946
0.10756175973218089,0.15277242995477752,0.5731515808061718
0.2728802592500899,0.37041624308590776,0.6826921442304066
0.13930045256007112,0.1381251477925445,0.863712759527708
0.11717933747377966,0.14414907223646503,0.6741586051581707
0.1182741909450001,0.11117669831617434,0.8839459386131352
0.12545121825964925,0.1188121056495648,0.8875460769180931
0.09835261004873584,0.1446684977293343,0.5416010484558198
0.07257663658330978,0.13766146019855932,0.3819270586515252
0.22570303361314864,0.24062087990372194,0.8548843878197738
0.14100712441484636,0.1773726787716773,0.6822196363771028
0.12171501673528412,0.14085907370649298,0.7221048247642673
0.13461011132532047,0.18223196381678516,0.6289243057301886
0.06646701489748189,0.11120962739137746,0.4178326641986812
0.20276044655857856,0.22890517798381618,0.7984111507145544
0.10816915712647063,0.15459913268646988,0.5703082261481985
0.201746621553498,0.22578364962832503,0.8049591804042552
0.1258366198353712,0.18791851273061164,0.5632048609659445
0.09621626336715305,0.15351709774626177,0.4964675888618339
0.11560219611128358,0.12887018099512051,0.741848854196173
0.15548402801023084,0.18071471913508627,0.7497121908977156
0.08231132410434214,0.1781037156679616,0.349859764972613
0.14680308238641446,0.1836547158520892,0.6904428334339011
0.1324129749295836,0.19545800157519427,0.5751259811501623
0.18895777004011768,0.259221307620383,0.6517896680297136
0.14707134588057863,0.1652150133234091,0.7691271109353478
0.1343346058626412,0.14388797614190707,0.7946084789592193
0.0973209809088122,0.12163996754644223,0.6356544026476412
0.07608637318426495,0.18308389023647775,0.30634248109881085
0.1160746767936607,0.12191772421803003,0.788028790808519
0.1552623197908146,0.16791268406523074,0.8055515314034756
0.19673079204060387,0.24884109861224263,0.7102154468301684
0.07049464017173084,0.12149803050609202,0.41560048308107334
0.11871085116500568,0.1583593814685963,0.6233344071540258
0.18772496796112442,0.2167487604801922,0.7738220398102444
0.10904026805382709,0.16411886310127158,0.5425352477544503
0.1350891059614165,0.13860801403686637,0.830320719628849
0.14104190720233897,0.1685274374262877,0.7182326453832276
0.09589579704268082,0.18702952232154213,0.40579581287814215
0.12166327099922088,0.15467558053738417,0.6572677512896062
0.15215691397520564,0.16700300240258556,0.7913445391635641
0.11158721079943017,0.16265828158352033,0.5630651566449925
0.13128382069354416,0.17151773421516445,0.6488181598407868
0.09819339239918556,0.17309690263428162,0.4517318981980412
0.1499329445600876,0.19563657038700616,0.664154683876617
0.19132168793512774,0.18502954583432832,0.925915302675637
0.08477715252383676,0.11120883233234743,0.5824820849683083
0.1342952032430473,0.15399703624386868,0.7421909280257198
0.16524221894490848,0.1820780970790833,0.7976918765897713
0.17814888425491257,0.23292864611346403,0.6789585003549765
0.06443999608189269,0.13065834888152733,0.3401236619191326
0.059201520066920636,0.18757662660084004,0.20898936491880102
0.10944740738518946,0.14543629950269069,0.615028075460175
0.1398442888289515,0.1883619834206102,0.6362445683179102
0.1601368731957859,0.15841494941704304,0.8846189940499979
0.18570229761030296,0.26479254449119455,0.6257815828187461
0.16544907380083237,0.13642642274404637,1.0661356566807711
0.16665480382168377,0.16637544554037004,0.8814690373652453
0.08979429471277386,0.1668488030259425,0.418308633007825
0.16113045962162736,0.15871237900042973,0.8892214993591978
0.19505988605480892,0.21014026739104452,0.8330620695796707
0.1295669660912395,0.1433292618004054,0.764442408444258
0.11735163745741747,0.16054461454322738,0.6063837004710307
0.13334520489978327,0.16242070052409918,0.6978495015354627
0.1769221971043806,0.24001541891054234,0.6538004842216744
0.08107466102016543,0.13689918332350978,0.4461287462602199
0.11708593981723657,0.14851539527056615,0.6537096012192196
0.1712256062257391,0.21874636217609333,0.6913285538618501
0.15592979352628664,0.19651174260161638,0.6917133384840717
0.09437275560263123,0.23250906898728288,0.3198703428067103
0.06772157499343509,0.10818225349958077,0.44112202740923695
0.1524931792289116,0.207983562842098,0.6370367803031673
0.14702321730895027,0.21715205453198486,0.5849505664715722
0.2532736601790494,0.30327889962860505,0.7691720738393474
0.09124693328967676,0.16058324366089255,0.443676012922809
0.14427414370191935,0.163194087108426,0.7615113139445531
0.20992304069319978,0.20473751233639778,0.9276416350177353
0.14677563881381198,0.1808297937503024,0.7010771631408775
0.18436359251321863,0.20755809831329222,0.791891975542795
0.17754333459054722,0.1864560431767329,0.8449355242469633
0.13494135833174076,0.15607742809139083,0.736438059861142
0.1123043832513912,0.14260724228615954,0.6472629424119339
0.18629910050470827,0.21271082452457196,0.781808358255401
0.1848942252270668,0.24356257493381972,0.677009697700361
0.122558984847009,0.15747812100679415,0.6512586268576589
0.14328430346761803,0.17922447461349408,0.6878764952916523
0.207875463987536,0.2167457207735445,0.8668012605601931
0.1665136699504878,0.17895869872488146,0.8187010242834166
0.10365371086817741,0.14114734961550543,0.592669370668706
0.10490931695777903,0.15093569400601792,0.562552930351873
0.13241787383188783,0.19212863507002026,0.5851177456755352
0.18901492078184762,0.22243418572268586,0.7598423786915679
0.07410283848645123,0.13024833593670768,0.4153821858633321
0.11437965486709362,0.11345067966748097,0.8319003036713072
0.14812151120748795,0.18895368466919613,0.6780577549032298
0.22382585097155044,0.2663423239680053,0.7652777370675616
0.2347933039036358,0.3216191467397436,0.6678498655350517
0.2585169547574864,0.3093943909689202,0.7709155748122347
0.1479003456645473,0.1869696166060254,0.6840702141142728
0.19695275986144506,0.23272513128694097,0.7603508863994118
0.13666849990578755,0.19477670828900787,0.5989858896920874
0.1525135667149693,0.23595538117144435,0.5616043425544316
0.20832338394843467,0.2185608705360524,0.8616518752260829
0.26301367113071084,0.3088571924715396,0.7868156450755277
0.1097963621341625,0.19007815502463984,0.47241810676519974
0.1781598134028471,0.194745321610722,0.8121366515750967
0.18708392419482708,0.20523918556107834,0.8140936816624796
0.14082269942916187,0.17846124086322024,0.6770248757923025
0.12746222860909612,0.16852987079555476,0.6376449949306588
0.08456961093638228,0.12824097027599213,0.5035022021232344
0.09873577806511799,0.11454056534511438,0.6874051811066636
0.08723188861818576,0.19701704347856885,0.34124909922069313
0.308372995850188,0.4481203191068374,0.6435168939113344
0.20738696333627485,0.23992673988423335,0.7810174198452854
0.07347291952372925,0.1300426669069703,0.4111951930513899
0.09401739074118899,0.13726230450950555,0.5392404783358654
0.09087817043649543,0.13540450518751312,0.5234550382082246
0.15840967873035697,0.2004518570364817,0.690488383478367
0.09839921756018731,0.12257817167535469,0.6395854701424796
0.16014975063710535,0.16888280084480323,0.8298639644536543
0.19484928327598522,0.21127179029561757,0.8276035481657588
0.10707459155181302,0.13516435463500617,0.644212683047588
0.13838228578882633,0.15666327279970196,0.7556479810056128
0.26012357452796775,0.36573756204301344,0.6565461124272695
0.19355150935290152,0.23779042596139316,0.7298507021518131
0.0926579588247363,0.18886966903901484,0.3846989259547404
0.10824854937051122,0.1978571867291605,0.4460214502661025
0.0706003781475684,0.11492575600380812,0.4402875378595875
0.09920448390636813,0.14516668102857982,0.5456106273503262
0.12634550338030803,0.1486255823770853,0.7155262349821688
0.15031737530368075,0.1778550972944494,0.7327165613248228
0.1530345368840487,0.17027564775211837,0.7812892720732207
0.148439289842693,0.17977068211201758,0.7144618262207001
0.1734749217420896,0.18855484889377172,0.8139537256268308
0.07179701242070137,0.17173259510341474,0.3016143347132791
0.18527087198214773,0.2344189196861205,0.7050236056178409
0.12088162413607773,0.1435450328030595,0.70278728679163
0.10711152819935224,0.1522679137858441,0.5720937920110306
0.1634386162533686,0.2034190640686137,0.7051385125092624
0.18639475897418725,0.22971545934359586,0.7243515932695808
0.1495977985170481,0.15828142846665233,0.8187808245889855
0.1273287803648721,0.17940141800303766,0.5982604906894036
0.12455946215180598,0.1457537909574155,0.7173704468678611
0.23620628367750546,0.3153091965391147,0.6856960914893094
0.1309826367060582,0.16260772944694968,0.6825175966943562
0.0935096954361748,0.15546688720708313,0.47283184706888287
0.07134422964347545,0.12019466585360092,0.42717560949013794
0.17504502583452974,0.20037723830197124,0.7737656589561075
0.0910714876592029,0.13821270894109566,0.514218180105945
0.07814634676540276,0.14462982879398625,0.40203564679750553
0.12238597736882037,0.17708523420873573,0.5781734305873008
0.17262812083876514,0.2017818048190038,0.7564018023115167
0.15481611584351584,0.15742401026601488,0.8563885243153427
0.15029337243788177,0.17415238697051355,0.7481572587342272
0.1311375693231568,0.19310405503981706,0.575532032718012
0.16435682439188376,0.21340430608576508,0.6764475705277858
0.12904484574875322,0.21069903835439752,0.5175384121371208
0.1380091364412773,0.18883753547970972,0.6249241504952663
0.1528003917477228,0.19840578182861635,0.6693373072284572
0.13403065521015414,0.1535005496471871,0.7428680579466821
0.12542343042333468,0.13587545010047908,0.7758828423042917
0.22578512713165294,0.24360122251373464,0.8447622922748281
0.07972786340666621,0.11837091190232991,0.5045822698058523
0.19825280587583033,0.2331694442165252,0.7644775518283677
0.09709888903919545,0.14329973267712026,0.5380253514702147
0.1401144838807881,0.13820436238452324,0.8691077604815104
0.2125645008581016,0.23168322942099512,0.8311542503069557
0.12157655130584284,0.1308398542173495,0.7763425900575001
0.21040006975772557,0.218265000365998,0.8723344074334086
0.14350715304429193,0.17629667812654057,0.7005642667619757
0.17516647093659524,0.19561982279574763,0.7932042301183817
0.14246074819493218,0.141513081133285,0.8653669838450605
0.17828950721094192,0.17437012631688828,0.907778818278066
0.13946069419316715,0.15297581511411598,0.7809122906392266
0.11685255421770617,0.13808534370977688,0.7013963366109845
0.08623044054564839,0.18685923549357195,0.35444028426374863
0.11589926233616432,0.14563328494643385,0.6584982435261111
0.12405979220027896,0.17650166183583674,0.5895683424049821
0.11058579326616969,0.16166104716053353,0.5603439718921014
0.10311952143617274,0.16548402087266542,0.5022812534880966
0.14771219095838373,0.17146988986064476,0.7448082637842519
0.09464907248649768,0.1460136699667662,0.5112471490065852
0.09510168115294929,0.26634690024138225,0.2819694206498625
0.1185498707209449,0.14056662761486255,0.7010900979353432
0.08786259372353775,0.12449224683231952,0.5451150208168617
0.20722159742406335,0.24447730651349317,0.7658035835474579
0.13036144929263555,0.17682994929987653,0.6241106200029466
0.11033939352545323,0.1287917517271497,0.7014377265155979
0.1424619183506928,0.13504929445463865,0.9067942105526972
0.11510915597199374,0.14471831969861365,0.6572019089916565
0.19059474367869736,0.228805679320605,0.7455878900613221
0.10220998939773983,0.13822165005576337,0.5947692663527999
0.16033505004815718,0.2061285870835136,0.6808131372447629
0.10336162325454919,0.15396162346409298,0.5414441688710228
0.1071275656547529,0.15124709064158856,0.5760611016394344
0.10733724838900197,0.12551400332975962,0.6958366881147366
0.14903159054960394,0.214220232800809,0.6023314831777956
0.09966135998280327,0.11957335059593242,0.6662133291890304
0.21518419616384662,0.25534913592060565,0.7643816590964859
0.13334798025132008,0.24624713803448192,0.46030171621912613
0.16721404148182495,0.18721317699359313,0.7863444435156558
0.11910459778609521,0.1682741262470354,0.5889473325245759
0.10949075738886017,0.16248329998105823,0.5507689553282873
0.07640676537799744,0.16127874453281577,0.3497470515497485
0.09253574753451634,0.11499341510774855,0.6307817492553858
0.26848777702995846,0.3412689925003538,0.7281287854761691
0.1774723277413256,0.1927789702970475,0.8168542839433217
0.1784345605768927,0.17187036343880982,0.9218259472250397
0.12708463316452648,0.15127344661932868,0.7078878385973387
0.17572412142367738,0.20204851190824352,0.7707263961161789
0.1688514891582465,0.19091362098284712,0.7796797755547272
0.14853008807368176,0.20373757677200305,0.6308609835755343
0.2257661218767413,0.2966590507161509,0.6936114754631987
0.18395588642493244,0.21660824300235207,0.7569235784953582
0.11954551720724715,0.16192763300763344,0.6147531175395768
0.10625667335513686,0.15662132960038494,0.5507338851944267
0.1459992126203627,0.18392538720260665,0.6850561226850417
0.16053799875055721,0.1692836759606957,0.8301922672283377
0.16216953205570042,0.18995893113268666,0.7484224679933303
0.15232097868539574,0.1582087688766708,0.8363694353032007
0.17272424869031716,0.21088103706461303,0.72421992425769
0.11976715307661848,0.15700985794688166,0.6354196760713643
0.14620153881677317,0.16785894140576335,0.7518308989671736
0.12259544997042383,0.13995337449422246,0.7330687833801333
0.1779603952332114,0.200388808894881,0.7882695451125392
0.17438819478122486,0.19736893138282097,0.7822314976300411
0.09219768242007868,0.15453781280607545,0.4671845751478134
0.10503421073405685,0.22616727447058532,0.3759792876007627
0.1267328526922456,0.20481803235258988,0.5211106242272031
0.17276106698203822,0.16713492405767272,0.9139984826230899
0.10451187792734275,0.15026678632366228,0.5624122269129461
0.14700120945765763,0.18776579800509563,0.6763809533310803
0.18502935299542667,0.20533956465125522,0.803689991627816
0.11613915485318767,0.22842213884446944,0.4208836995377578
0.11775486158093018,0.12400654701934223,0.7883040366060884
0.16598387369275683,0.20775191778487845,0.702683639454627
0.10546191666673133,0.13772579285117906,0.6205222340529782
0.1415083848318592,0.17224804570825647,0.7054267834055018
0.15265796671329415,0.18947376051478335,0.7001389868067973
0.1311419420386755,0.17458349218502112,0.636611976583037
0.15426045073931585,0.16138757577207002,0.8319131760733169
0.10464052155898784,0.13901607812044284,0.6088541894100603
0.13090227355597434,0.13544528298497951,0.818797606766956
0.12448437479155386,0.14302612150275376,0.7305265198675066
0.14520872457363895,0.24437239870000466,0.5123685213212116
0.16915267694612868,0.17888245535801636,0.833802715015364
0.08799065066784265,0.23301287010328892,0.29178925025773916
0.11842818142266863,0.14729348658025268,0.6682453087906243
0.16756811255710774,0.20657443905669537,0.71435804560799
0.05828631839049635,0.12221920646515347,0.3132594254030961
0.17851479385858193,0.20855827450669767,0.7600503707345899
0.050431752845670856,0.12128722418364275,0.2509064994314133
0.09791718303613912,0.16832216762090074,0.4629050596094157
0.1682727264744643,0.15127499781711864,0.9801535522328424
0.08778828259185899,0.20517748638434619,0.33038850307813705
0.1930532340182205,0.2636194124231304,0.6564510269845231
0.1132864594711125,0.16272618939033331,0.5732725618452548
0.17419553939589155,0.1512747305332651,1.0193079759741115
0.18300079210667017,0.19925740620049628,0.8180413226028644
0.18287880867635878,0.16232403456051706,1.0034176954592322
0.09687171691693122,0.16449190950388753,0.4673282543121944
0.14229683958398437,0.1478543852990181,0.8271438100172234
0.22423604614184828,0.2651072599830408,0.7703902418776215
0.11585715939575755,0.17215647831838476,0.5568025109022045
0.16838434195690558,0.18938137042477413,0.7835213232647223
0.1489562043572382,0.16769353251622426,0.7689992716013765
0.15279738251250216,0.16837843935382468,0.7886840086066264
0.09625562746504247,0.1488512413880142,0.5122941989194773
0.1135430062910633,0.12646118612116022,0.7396973661265631
0.1384476339577382,0.19935558665786157,0.5941525690023457
0.18728258467997963,0.18015292322850118,0.9285588137129634
0.20658866792419117,0.26527853100309734,0.703368897658788
0.10587987288197433,0.1610845349118367,0.5331354305922497
0.1237620980404756,0.1722661966871119,0.602335803749933
0.12057850715253014,0.17368748491288882,0.5790774574401504
0.11416002548743377,0.14795809411976707,0.6363965827460201
0.16293369032967162,0.13587048279174893,1.0519848564073229
0.15015874213960173,0.153408553064657,0.8484451455893977
0.2603252429992841,0.3553111463148127,0.6763796900037332
0.127185753891296,0.20064410986041595,0.5342083252075676
0.12726803656325059,0.17979062210764316,0.5966275398893036
0.1639414762460664,0.22794046607870586,0.6314871541780768
0.1224840215903414,0.14233618721645858,0.720013817951216
0.14170824165358517,0.16994118753652743,0.7161785993017438
0.13192373546112596,0.18263848821450587,0.6128157134638204
0.11074132368453546,0.14342362958000168,0.6326804303465208
0.0844812356504638,0.14423295934592786,0.44706311194664045
0.07749701055846697,0.13298131647988817,0.43236908823325343
0.12620361135964425,0.14922783699768194,0.7116876683087887
0.1613547826884944,0.15181501033482991,0.9310988575947442
0.08868012793774818,0.14034045030578268,0.48938226853415073
0.07568020406454641,0.13928169944828303,0.39976683430130844
0.08221805200964451,0.23326860048661838,0.2667227902934741
0.14243810187602654,0.17637997344004436,0.6941723569180948
0.14283701464437842,0.18424195443293845,0.666715759841168
0.19330621888445465,0.21992092555118603,0.7880387846226943
0.11451198327381165,0.117368095289378,0.8052612853670902
0.1359710956149886,0.17221393399031065,0.6734129633291667
0.13400080612932136,0.14908493783111332,0.7646701792133016
0.06999791288454861,0.14535617158363612,0.3439682838356845
0.1958954925539903,0.22149342091052468,0.7941341635833316
0.15888613155767348,0.15609548040905535,0.8897511394546211
0.10931895719667602,0.1546911188873895,0.5774019726478127
0.12456715924560505,0.1556568368060316,0.6717800604923583
0.09695245662387068,0.16128563706243024,0.47711909147919984
0.09989429356568602,0.12297820240134662,0.6496622328642134
0.14070824616617447,0.1725760739908554,0.6994494855212122
0.1531923789618346,0.2135833170351898,0.6236085327764151
0.08536976623605447,0.1960389908564844,0.3334528807277434
0.13159696136549465,0.1265382145741848,0.8819229964721003
0.1677980666320462,0.21959661820524173,0.6730434550404123
0.1540619257706297,0.2278661789446947,0.5883362172986971
0.10779055781663648,0.1480615224563389,0.5929329670544524
0.1506044804644904,0.225651102985075,0.5787894618584197
0.10374980974298609,0.13567608166489023,0.6172776270901001
0.17720477746670688,0.18951759254385353,0.8294996541301589
0.14397467216746268,0.180225643791691,0.6878858610751059
0.09229037657204325,0.11361648279136316,0.6362666295945097
0.17347800546380987,0.21541558034718006,0.712474024471457
0.13030376556415924,0.1548644886230766,0.7122599024791709
0.23968880996857833,0.2659268531288438,0.8261249564824402
0.10764690241705975,0.15276939467375364,0.5737202965570029
0.19809313608703488,0.25881936589193305,0.6880981856720705
0.15643578625881038,0.24690620628545185,0.552581436940775
0.09198619684113817,0.14124561734971772,0.5096526050992691
0.21488659925478576,0.267500433068494,0.7285468551181173
0.18358973640479187,0.24218253797180303,0.675481138214178
0.08951527991580131,0.14316239701884698,0.48556940483924554
0.07202579075196634,0.18898798400618574,0.2752862359242029
0.1506085404149923,0.19741445528283713,0.6615956274725096
0.16217099201120064,0.1994905612223149,0.7126702694107088
0.09383754400784507,0.1280808873808484,0.5764915087470404
0.09132042835095475,0.14479967259998833,0.4925455083588393
0.09032680364125857,0.1164963600685333,0.6036824120503527
0.0981910542936052,0.21386839010584702,0.36560360441721723
0.09803222155919548,0.1490538646838926,0.5235169294314043
0.13138169242519873,0.1823472066128211,0.6108220383199844
0.14669599147655962,0.2793456464167269,0.4535456095405009
0.12566593014851868,0.16933217839191028,0.6240156546262609
0.15719874146497026,0.1455845227864236,0.9423992251308507
0.10853721975190357,0.17222805364975316,0.5140696760816612
0.1645396021023004,0.17869812349065176,0.8088479010237716
0.17638628134784576,0.18367041093172962,0.851450598681214
0.12432630266979501,0.13170158232743132,0.792141603966633
0.19060693448375338,0.2109466930994603,0.8087679971513613
0.08215009189747056,0.22915202053604578,0.2712177346378419
0.17310776125460214,0.19628065164923805,0.7800451036213814
0.11760529828285805,0.22075868472795473,0.44213571213807046
0.1549932841227961,0.16538148381354142,0.8162539179718187
0.19752773105754992,0.22687742779356426,0.7824830031971377
0.07412552842850889,0.13893574564127031,0.3895723751917672
0.06807964501333037,0.11637265272488412,0.41315243648346806
0.13596164903188773,0.16212617355358988,0.7152555721890104
0.15725382644214156,0.18499500067968017,0.7419326248702109
0.09515754565273211,0.15216878765704756,0.49390907826721625
0.1270411520046489,0.16564368339474553,0.6462133044310485
0.12432990260348215,0.19258175043426665,0.5417434537188546
0.09914324805329693,0.17474121448215094,0.45291689363519366
0.06025303533740618,0.12476115462981187,0.32264077273766795
0.17049961172308342,0.18690775831683806,0.8052079436315475
0.17956730683648559,0.16402355894273185,0.9728316338520484
0.11790366789680716,0.17721722677308274,0.5524500618789595
0.1375776509614173,0.14028872598891476,0.8381119019550293
0.1205098342567309,0.1732230563495781,0.5802335807647565
0.0941749623881154,0.12683921852043892,0.5847951702427339
0.1787692778108068,0.22727373023246134,0.6985817395103849
0.2373632820281203,0.27915788522758417,0.7786392343920873
0.14164518497761636,0.17475644921135428,0.6960840960466987
0.1879270493013674,0.24475283608962015,0.6861086963661506
0.17391994509669811,0.21356582463380397,0.7207143060488299
0.13714105549060632,0.12588882866548187,0.9305119185903256
0.16474400399230427,0.19219020149919613,0.7531289465499087
0.13024724771987717,0.15437989011064224,0.7141295905889314
0.16436885629300982,0.19260034742950646,0.7495773409539159
0.12436850038312974,0.18000076010435753,0.5798225536526673
0.15719681884310446,0.21564949371050732,0.6362028330438863
0.10605362088056143,0.1696821569431935,0.5071459629628036
0.1150245957887191,0.22893486665654067,0.41507262382745597
0.11152350269570534,0.12285361738944733,0.7449801205736971
0.09698229042186624,0.1296962228893738,0.5935584607389017
0.08323588141026059,0.14214272115355706,0.44487597322656247
0.1523887461353852,0.1489708410725197,0.8886889889474259
0.1183345562643141,0.14546265374786102,0.6760123903332822
0.1569404231642361,0.19977731189712325,0.6854653407027248
0.10360868698504305,0.18782021891650322,0.4451527501531231
0.13510351122484857,0.1527258059793735,0.7536611804844163
0.1599191149976599,0.18752401493916313,0.7461397146549615
0.09984370587469919,0.13282742457633043,0.6011085898064396
0.13054991634290758,0.16855653504700024,0.6558625348585972
0.1285637352021958,0.12192970048027484,0.89037974156066
0.2275804501303187,0.30677270413095065,0.6766588009137534
0.08821979261288525,0.12824128332927007,0.5319643631273192
0.13287387685142077,0.14178283217316356,0.7961039790315696
0.184435664197816,0.21881091604942987,0.7514966216798327
0.11021537339770639,0.1123416411045581,0.8030448239023101
0.1623980767313624,0.15487224282895,0.9194551207515939
0.11054592484258635,0.15607296370250567,0.5801512490989666
0.16334035353328835,0.18853942858064893,0.7602672534460007
0.0926830412140585,0.14866133375106816,0.48891691861022507
0.19300831453037867,0.2177659225540523,0.7944691827870166
0.12238977190610104,0.15240322861977101,0.6718346640906936
0.1151972108625599,0.14516573254830575,0.6557829398951424
0.15201181421126236,0.1763998562162883,0.7483669037088068
0.0837787968575402,0.1426051433004673,0.44724050887252387
0.08897501298129129,0.17902031842274915,0.3852915333242209
0.12845219689217563,0.15806936001751715,0.6861051179061965
0.10900281244346313,0.17347669755293507,0.5130534169657259
0.15975827517579916,0.20810933717792146,0.6715617716677168
0.14275517000087154,0.13705796186149521,0.8956442101840282
0.08219932368227163,0.14096686937061498,0.44123363141976174
0.11148398796735293,0.1402802784454291,0.6521514569344217
0.12826579309896508,0.1729779240854609,0.6258937010105153
0.1704672825666813,0.2171884324413797,0.6927960245179873
0.07399546299887635,0.12775915316317676,0.4226347910267703
0.20294903210929272,0.2500676139663769,0.7315982633956404
0.12220329226501442,0.12832982845747481,0.7964110409364565
0.12462351912914413,0.18892854950274862,0.5537729443459365
0.09205487183141729,0.12448885036073043,0.5788058257637083
0.2093383499949244,0.2971805675259339,0.6371155138816454
0.14145270850765324,0.16179113931471692,0.7506758962331233
0.17769974476765144,0.21663341631032687,0.7279566904015718
0.190597258398759,0.2167257469809098,0.7871573210624855
0.12767185406190396,0.18369380701007926,0.5861485251704539
0.18452823324122478,0.265679373606701,0.6192736417874294
0.16479229836259898,0.22768303206720392,0.6359380277396406
0.14323410795545283,0.18768338755655095,0.6566063707600179
0.16212266111396215,0.17481908267239984,0.8129699512283293
0.1275979206235057,0.12746882523666078,0.8441116517998621
0.20316674420347053,0.20377551571689115,0.8988653202966115
0.15409187989613746,0.15959956227267377,0.8401769903794801
0.19244995846501195,0.21228119878399837,0.812365670878297
0.13956306409099486,0.1692955356616731,0.7062387299446243
0.1419573311930507,0.19248596473843213,0.6335907730144257
0.1454163842954093,0.13203298105656686,0.9498867880721196
0.1490786337237187,0.16819908025176936,0.7674158118493094
0.18851970784912392,0.22083156300376847,0.763114228586283
0.1326359055473406,0.17006367606048794,0.6623160698189215
0.21640519057170549,0.22963320545616714,0.8552996078313061
0.13653350468537867,0.1423337783323711,0.8187340071395782
0.1864396528939375,0.22882399266363862,0.7273697611709651
0.1147614677257523,0.15274729474373278,0.6203806613055605
0.14752048661030037,0.17428372468587477,0.7316832758775413
0.1555655544517556,0.16804028380130265,0.8067443792945124
0.16879482197111392,0.2183221562782657,0.6815378911037564
0.182380498886668,0.22125574968580586,0.7339040866384551
0.15671824880992846,0.19627360875270222,0.6965697002198019
0.0959717762462037,0.1737275021346873,0.4373042570272171
0.053396248810408754,0.1375859001102828,0.24273016917896234
0.1511228704721738,0.15225367215017055,0.8612131886240809
0.18496037155180398,0.1835456091539208,0.8987432187139313
0.1661286129580227,0.18251285390005678,0.8006483370099625
0.11073498325167087,0.21719581238565705,0.41775659601834353
0.1885684732354622,0.16692461839831021,1.0098478873453494
0.09077477446486558,0.14091103885578132,0.5022656495869118
0.07159620748980175,0.25182927035799874,0.20488566486514032
0.19506848421953052,0.2475420448268386,0.7072272685716683
0.14324942859011122,0.18861039051471418,0.6534604390233532
0.152030797096137,0.154820710651641,0.8527980303179004
0.14095227710644195,0.16188248977337294,0.7471609639545873
0.08674867336378662,0.11622845951772962,0.5742885489556429
0.1477007058292486,0.132741680638609,0.9620241751866582
0.12259676936768152,0.12050432450355177,0.85139491707335
0.16074694236501508,0.1982868427169809,0.7098148340881408
0.1738036895038306,0.21651554448719756,0.7103586482351845
0.17617306465769095,0.1666645325660336,0.937050386505084
0.09687678123768445,0.16744147190866684,0.4591262867040365
0.23211432260476733,0.2993270663174805,0.7086372950309439
0.13687284086260304,0.13780899563378962,0.8480784605177601
0.13419771905355415,0.16727163015267207,0.6827082330059417
0.1098492943507191,0.15951336679993422,0.56327125527612
0.14454556298595142,0.15441789898946376,0.8065487472695727
0.09516856239022341,0.13669182087762982,0.5499126568627417
0.10711506023241177,0.1406166911316243,0.6195214773676311
0.14548965557902133,0.16826272383186738,0.745795935791542
0.14486256030542657,0.15628958773382376,0.7989179709020638
0.13897963043717837,0.15369158181998085,0.7741453957871249
0.15835582455397565,0.19383868860868544,0.7137678527803261
0.11570353073923076,0.14182805864311188,0.6747855935901493
0.12147683393985544,0.13191688023721068,0.7692482854156459
0.1803921240978481,0.20515547337092607,0.7818076771846846
0.17908219589240007,0.201646976072065,0.7889143640594292
0.14514326092100574,0.15857480718277117,0.7891749209366361
0.08038605601434216,0.13080739646073858,0.4616409900984983
0.216551899043284,0.23013945566564067,0.8540556354180548
0.1201275137901926,0.19723755965387044,0.5076493238199916
0.11731807257529485,0.13416959291663405,0.7253362737394843
0.19478353030741194,0.18194858581880965,0.9606204385752528
0.1762996381705036,0.2929857380792019,0.5334718310699875
0.11650457122791544,0.1106990871545486,0.8717738665106064
0.2782156178019552,0.3841854170370222,0.6721119708119273
0.16086760344986972,0.15629652187519388,0.9012843136864909
0.2275423745528937,0.2812238834628111,0.7379969723671745
0.14006651748396215,0.14269661244580803,0.8414111269078646
0.2131836678600477,0.2252637949410608,0.8575886236427531
0.1407000704504173,0.2168337314686042,0.5566480345697215
0.19692327138683172,0.25886189217276695,0.6834658817557874
0.20446593178373312,0.2079459592134376,0.8870859163673176
0.2043080119439488,0.2658370140387545,0.6933120754850183
0.2080562155063359,0.2583369031686542,0.7279494845673061
0.14958598085465433,0.1800296421046145,0.7198035797868911
0.16235973588506997,0.21575301419810772,0.6598273327220036
0.14273118917560218,0.1507196332567526,0.8143012726585408
0.13376025805721853,0.19856655141627452,0.5729074572017507
0.09159184001585702,0.1477759130379173,0.48446217346319165
0.13026706481039557,0.15619032736060792,0.7059788315560285
0.12559646269453917,0.12219822784331445,0.864140704478444
0.18404230197498123,0.22061893863652465,0.7435549413336864
0.18115380933017539,0.1809132912589134,0.8907792689457001
0.1099998240221492,0.13847191122073113,0.6499500384499278
0.12440145025508118,0.1815331117274642,0.5751096825344962
0.11413362876292973,0.1628840470459701,0.5779180372179897
0.09970593952353708,0.1790951169526843,0.44504808885769254
0.13106042563421172,0.18325360851462785,0.6060476873247849
0.11100335490642568,0.13112209173758826,0.6940352590511496
0.11660644953704857,0.17631571672994997,0.5479174025365741
0.12227239430739491,0.13999091707652495,0.7305644997774284
0.18208794988626587,0.2037987419669763,0.7953334172814998
0.1190131647400427,0.22705726571634893,0.4360713339327128
0.13145856695534408,0.15744030941529502,0.7079417422976437
0.12524621244260586,0.19124604774489462,0.550318365705497
0.10119928265313573,0.18425022333751434,0.4407011355660219
0.1359664079770974,0.20542105975007943,0.564530278045421
0.14345317946731237,0.19537960297393875,0.6318631913884046
0.11420854900390523,0.13334557648545003,0.7064992441964114
0.11211934943794911,0.20108084416558025,0.45812096035410177
0.149708115998842,0.1662825080085436,0.7800466660761312
0.19192956040738565,0.20003562634891697,0.8594946987467791
0.14045962023805172,0.1584278531910843,0.7603437010079407
0.1686933452745268,0.22497798756432932,0.6609239725375801
0.09885604793932985,0.10991105551239029,0.7174532859475669
0.12615508137048387,0.1708694930368831,0.6212640974335292
0.10767290791523147,0.16246565171645427,0.5396396529910457
0.0878415045632714,0.18010886249005015,0.37666944105551275
0.11705149312970979,0.14972511432873717,0.6481978228223161
0.1348846499285864,0.1532860195117853,0.7494789824570632
0.14464596657417775,0.19160200569448052,0.650546251446513
0.11987157160166877,0.16844838576326807,0.5928912357879467
0.11323918504145586,0.13100536895727005,0.7117203346976384
0.11686431572770571,0.22957663429795783,0.42192584634719227
0.13590693618238603,0.1971883315890986,0.587798148340304
0.11468696416736396,0.16710281140499325,0.5666389653844841
0.14563897432906256,0.15978587873479855,0.7862958562038475
0.14099168346101096,0.125413290279981,0.9647437140904369
0.22157615003171208,0.2732014439574797,0.7378297387882211
0.191720913638677,0.223011006758697,0.7700109341440844
0.14262946581833866,0.15950011941124173,0.7688362006937507
0.12858964030916928,0.1658133996943087,0.6548906210798623
0.10858137701044614,0.14190228326670393,0.6242420838568067
0.14839961915257424,0.1670171124902459,0.7687812179130628
0.177863803906998,0.17274554829564953,0.9138516474926358
0.11444361976905292,0.17447210359972595,0.5413107185646454
0.13864974605620373,0.13420519397447825,0.8840920574114837
0.14839110478362122,0.1835736423224542,0.6993983622011338
0.09317512805532313,0.17586721225907312,0.41608169661282596
0.10716423263614851,0.14916366102779477,0.584352998817229
0.11011102676348833,0.13732031691809113,0.6562104485765043
0.1201035374731033,0.22158854172187056,0.4517541236349189
0.09815272913974679,0.18470328300458924,0.4231258257483434
0.1227545933425746,0.22781895298028523,0.4510361934262189
0.18446642850589906,0.24364401161747906,0.6750275839494518
0.13332141313911516,0.13363667913985455,0.8479813616179515
0.17463175694145963,0.1608039925960063,0.9616164029580199
0.08700541743545792,0.18482914337485465,0.36252625647657344
0.19770007891199978,0.2949223135718305,0.6025318218884771
0.11647887684787843,0.1163859789851118,0.8289561826018587
0.25238572818025057,0.30842782587473283,0.7534525379517263
0.14206087512387713,0.15505596871256538,0.7872052661845426
0.13059134175692966,0.12793480598065157,0.8644351387350766
0.18507332674661675,0.20013347013605035,0.8248161920862125
0.11479395479612786,0.1517694060326805,0.6245919864489414
0.130005786162736,0.15550125075060306,0.7074270183148953
0.20652305308337854,0.23608957319657686,0.7900520576064263
0.1297259906844432,0.17516269334268808,0.6264232902024144
0.12251629680208131,0.15253047202004172,0.6721037143883696
0.09825079703118154,0.2515952766390442,0.31101854564402454
0.10132205118193256,0.1443348985031505,0.5634261154114262
0.19488347910857207,0.2153687819096411,0.8120187037225535
0.141429348705565,0.21065227993242946,0.5764445024972702
0.11386644818516872,0.1839431030055472,0.5103015370048312
0.09070046419048282,0.15641780882312048,0.4519975361017358
0.08652835323770072,0.14293675206620626,0.4654390999935813
0.13155981994917593,0.17190801091271857,0.6489506763347828
0.14958448179677797,0.13689948223657633,0.9465666318068516
0.13872956230409073,0.1712653490139309,0.6932491773010846
0.1555488640740729,0.18516295247518677,0.7320517536694467
0.2665081417478508,0.3439170504817718,0.716766270827611
0.1459681174451282,0.15287433020612717,0.8239978371468896
0.10669574928692498,0.16562202235471643,0.5234554442358319
0.10951092361293813,0.1105575973463328,0.8096315925945473
0.1825232004118349,0.22167667785519107,0.7331542586451164
0.17155730822089557,0.19731624447665824,0.7680934158404998
0.15927158275289544,0.1774251763973738,0.7849595281842815
0.1587564801100397,0.1775254557959683,0.7816145548698878
0.12389784457833417,0.15501891305738638,0.670226893797612
0.16582455353813683,0.20094881388701055,0.7256800909515745
0.10213341559938695,0.12769853387619515,0.6431821345655856
0.1833400764202097,0.19418086644141586,0.8411749283727149
0.19465165130023032,0.2675734058986167,0.6527242522988463
0.1679048864185489,0.21544010986286707,0.6865243733522695
0.1681355031142481,0.1832802212043704,0.8082459860688762
0.15000824727366188,0.19652946702938182,0.6615203777773703
0.1156401026829517,0.11041042995136857,0.8662234421610112
0.19528252425302092,0.21306239522594086,0.8226816565501553
0.12466074882049408,0.16871120242664817,0.6203544715176706
0.13697176066886063,0.1924617287231986,0.6077663411050994
0.12165838053180256,0.17450613972994658,0.5825490191297676
0.0972723099927145,0.16277509286933373,0.47471826696940767
0.20695409983953908,0.2416800671354919,0.773560277665464
0.11359994527974969,0.1536998326208288,0.60897883676072
0.11120409353078674,0.17094408911820524,0.5335317178923952
0.20656938788828424,0.22717514228155225,0.8212579334804916
0.16222283341925112,0.18888756774344698,0.7529496785750487
0.12913999299416457,0.14675285512948355,0.7436992820198812
0.1551103649772157,0.17733052120338696,0.7619126366986347
0.21707158038598282,0.2928188891992118,0.6730152584245009
0.1080779497564211,0.1455915350108359,0.6049661455239532
0.12126272107139169,0.15442185239092202,0.6557538295489622
0.11850527429128865,0.13962939648486822,0.7054766171818537
0.158248360106311,0.16977643452132807,0.8142965217528092
0.09080066279466735,0.1411409021011045,0.5016310774600986
0.0827233704330702,0.12651319456269303,0.4957852076210748
0.1267913596474324,0.16294714203229715,0.6553742417051149
0.2637808443882302,0.37333004478772447,0.6529901565432379
0.0747094888580081,0.14875103327937256,0.36779232824055086
0.12767981555319105,0.1673632159385778,0.6433899764014421
0.09020645803822706,0.2624564841271002,0.26749751781414577
0.11887401354656282,0.15007969068008092,0.6588100834864374
0.15699637734553215,0.20809003311766078,0.6583514611104416
0.13148660028018191,0.15723207105015116,0.7090576339519299
0.14523642165466488,0.16996094690681213,0.7368541063926336
0.10889511392378971,0.12511180235754277,0.7105254040681669
0.13235357702998535,0.1386295745025921,0.810458932973819
0.15519491196054025,0.21704578816448064,0.6228865950537933
0.11643099185189222,0.1616058881169142,0.596704692975846
0.12339642408173711,0.15523649548576116,0.6660574483995678
0.22889085408351054,0.29950027373672095,0.6974646516254552
0.1008607542376903,0.1229448480388372,0.6576994117894804
0.17206283049469384,0.19156496601760784,0.7937924854209348
0.18780696242205072,0.15934380740974002,1.0531125441891092
0.24876490422439387,0.31073572149661993,0.7362040743902123
0.13238122085927223,0.12848117249212296,0.8746901875149232
0.1790835143106379,0.22278485276171087,0.7140679105360567
0.11986537675694023,0.16142122632407677,0.6186632268326709
0.19352561655185985,0.2050408593960538,0.8462977431082671
0.04937656065501243,0.2272876821506677,0.12924836215074287
0.11937020697912734,0.14968131757883668,0.6638784892228742
0.11438075414942939,0.1342458084775512,0.7030443275643269
0.1202342786841993,0.13478582493478042,0.7436559351304206
0.10606662600786394,0.14231567817578564,0.6047585698994883
0.10746792646074556,0.1623608858645608,0.538725358604597
0.09606328196917358,0.15397767272097101,0.49398903506621267
0.18617407141902897,0.19532169448877884,0.8507711949456573
0.14443098374776706,0.14218044271983604,0.8751624440567823
0.1260739070185236,0.17838257431095544,0.5946427638924876
0.13164997577977958,0.17980465104451215,0.6209515445300672
0.11498563520666936,0.22895009317191362,0.4148748484471973
0.14718057403795953,0.16918765944683511,0.7517130649704642
0.15003425533547954,0.1867279154867625,0.696383585692081
0.1727145524211179,0.206094412745438,0.7409931709781314
0.2045784366822305,0.23503324819469118,0.785329046422121
0.1097451869945683,0.20480790393983653,0.4381920095277741
0.15534169466782752,0.13874559507364023,0.975466605595615
0.0760608069094622,0.15437479834872597,0.36314740170752
0.08344558829669045,0.1476853189283069,0.4295998326515433
0.19753149139805404,0.22672994271870206,0.7830085839977156
0.13856920382887156,0.13694142618086738,0.8658388271221125
0.20674943120677447,0.25363747211469484,0.7362848622080825
0.3030802702009615,0.41182659049117215,0.6873773494405518
0.16134034395855407,0.17725108183340882,0.797401869125934
0.2763981753058071,0.37416031822439694,0.6852628748087504
0.16791245875676836,0.21497859167085184,0.6880334344325472
0.15479764948551966,0.15804009776980193,0.8529332200354827
0.13722884692227352,0.14487397405090147,0.8091780990358225
0.18140828679121662,0.2520568962149611,0.6403644939496644
0.11826907120232912,0.12325363670218703,0.7972914538803658
0.1523918614449552,0.21032648882887955,0.629458810357779
0.1578232647710383,0.21371656252330024,0.6448880851525594
0.1571598291975787,0.17968828774937892,0.7633209204424221
0.16537115968422136,0.20709538842338096,0.701952664378156
0.24559661648839545,0.28018325554947354,0.8051752273560138
0.19164658334000037,0.22347917470109346,0.7680652283130188
0.09869934084317623,0.19212798612586093,0.40961935025759943
0.1231295252050517,0.18045858234922918,0.5714858438013891
0.1411966612737114,0.1770905829948522,0.6843766575506413
0.15291962809150655,0.19480176312302372,0.6823327774891003
0.15364032159600655,0.15190688746660108,0.8797515624522905
0.07929326605884533,0.14240978271697557,0.41635669212897014
0.11383857188613437,0.23050215825477635,0.4071049598694588
0.17530765079122848,0.21660336832940735,0.7170140150130944
0.20209165595261525,0.25247597462899846,0.7212236975030609
0.11285432131487597,0.1608766066776358,0.5771772741386649
0.10721247923719103,0.18638820551794275,0.4679077144116583
0.11635473963445116,0.1344025061411238,0.7169117779193628
0.10501309717757214,0.11183949927398593,0.7601348157801198
0.11775760060130772,0.16376421629462756,0.5969411560913429
0.14738524769162042,0.16957129367685994,0.7512194129648472
0.16454023579226276,0.20170203071681916,0.7166027792510972
0.14887334050865042,0.15956325394663282,0.8076630259229555
0.1429699100208692,0.1522350681247723,0.8077633592286548
0.09181402153974993,0.1213988448309583,0.5915544059727034
0.18202012718944316,0.2376970355887065,0.6816245174794309
0.1445692528735859,0.17621209015905273,0.7069279568793894
0.09496063131034307,0.2155024670764281,0.3478411747544321
0.07839828132254134,0.18230420993261004,0.3203342443058701
0.10564475466579593,0.2101487910244754,0.40754340887843193
0.1409586386561534,0.16327546658051204,0.7408255581159711
0.12396985246375289,0.17930790537498872,0.5798397580202586
0.11425083560653139,0.21773170117685361,0.43287603549276316
0.09124930780545128,0.22055082879164206,0.32305164390364477
0.07231096790445923,0.17680035738211447,0.2958759172154882
0.14277094481248645,0.16982270777453942,0.7229359749432333
0.09459069329525752,0.17342924162303738,0.430092945095075
0.19157396663870502,0.1690675650318089,1.0148248518657295
0.09292616214575199,0.1407407343565221,0.5181595966453937
0.12001044310646933,0.1900968614529129,0.5261025476280258
0.159933587391188,0.19245874253948209,0.7270835585059547
0.20389251952553586,0.28418849352708747,0.6470793987583038
0.152144779919213,0.2155478676534421,0.6130646587127245
0.21007209342514901,0.19950359989407876,0.9527251314064651
0.10080231469015985,0.1187105978043615,0.6806663952895292
0.15028858481701068,0.1475264334726168,0.8831541693929331
0.14334109273384607,0.2130712872837316,0.57887242484062
0.14429909941991256,0.18399267254320595,0.6755654869392916
0.16168917985970824,0.2038195573921913,0.6951696965324518
0.1507061811220196,0.19725885972445684,0.6626124743121701
0.10699279875124107,0.14056332221106008,0.6188869001019963
0.11473266523227729,0.12863458815993606,0.7364478449178282
0.16691013116558026,0.22016993382573993,0.6672579157963352
0.14865649193842692,0.18767391085474344,0.6855321091379876
0.1942682823701357,0.23579327073980605,0.7390723315528281
0.19268235241284448,0.22652646217967534,0.762305431123879
0.11029140109957443,0.17208205753232705,0.5246996833624704
0.10857695063612312,0.152958040610573,0.5790931309171096
0.15281270310321818,0.17146478704780949,0.774577132657483
0.12402209235903029,0.13755690906609536,0.7562113242094458
0.12782031873686983,0.1374557306392551,0.7844003173635463
0.1500662501955605,0.17921983975409203,0.7257357800008343
0.09428391464961235,0.14856536316820734,0.5000082998182239
0.13339476254855084,0.14691286559882596,0.7718504576596934
0.16975678432462527,0.22445497591074556,0.6672018907888948
0.12435471434897022,0.14035708386864826,0.7434944605049612
0.05777379057892336,0.25815680525146517,0.14632111108645263
0.08257378087998794,0.18232629832911246,0.3431966833826552
0.10783052886416175,0.15692389702919535,0.5597014255121453
0.12080288513053451,0.16741534942439967,0.6021125630183295
0.10511408674371235,0.15223788255805393,0.5590861178146983
0.09527319202864724,0.13263052256616814,0.5675404919790928
0.12365323974935184,0.1644770600922605,0.63019876261899
0.1308191621246262,0.14697838379345032,0.7539827236116644
0.1755616616183786,0.2332191837447323,0.6670191496281329
0.0928228367597928,0.1907894967012136,0.38169206386574417
0.23225963845963984,0.2637193061266335,0.8048695470088807
0.10984841351792703,0.13284091788243813,0.6763609808646557
0.0895128263406367,0.12162096695630548,0.5715529820249697
0.09899400787977582,0.17661640923726013,0.44726312929201334
0.12089260235663664,0.11779330892390691,0.8565223549481241
0.11026705058403795,0.18552677162307776,0.48654460913828346
0.10605132600506505,0.10891095921125943,0.7901071354825501
0.14553259626542983,0.19484891935541765,0.6442560558236912
0.19383279313545404,0.22692821700706178,0.7660254657976031
0.2124126590368259,0.29233239722270293,0.658198204731456
0.14279169422882454,0.14614308015376598,0.8402155894047666
0.1515270465379413,0.185050352644765,0.7107635552061303
0.12037133541478306,0.21963774038593561,0.4569858314805823
0.10489751868656433,0.12320734693627822,0.6890621444066367
0.11246438708619501,0.15490918369152032,0.5968941600668732
0.20571780650946672,0.2636452164358024,0.7044231980392824
0.10518972041055695,0.1856076987861414,0.4589772997978559
0.1520101278437485,0.18794404138766613,0.7023905991861454
0.16858002789396537,0.21708891114653395,0.6844201627308112
0.09964958016237803,0.22373932865489166,0.35599275568236866
0.13343476578351995,0.14650902902197152,0.7742510242594569
0.07903651450955053,0.15967596687619032,0.36972698938047643
0.20133807537611612,0.27765458759224515,0.6531067141682656
0.13190737962350163,0.2053162796417164,0.5450487405031089
0.09483976961282806,0.1799762539396507,0.4158313553849342
0.15504064782080829,0.19424634872770455,0.6952030177417076
0.0725834118548708,0.12395227680367094,0.4242230414061543
0.07456041872757622,0.11890487143163837,0.45885772442001654
0.11386271554442938,0.15401210068557275,0.6094502647948238
0.17286192859601204,0.20860553066565432,0.7327798458086608
0.16854142244330178,0.1957360401192227,0.7588864184277219
0.14712755484755008,0.1887877761451733,0.673388698375217
0.11466596145394252,0.17714207604581408,0.5344069775351349
0.11601869784389603,0.22136105990077792,0.43376507994195135
0.18019127394375503,0.25306479666450016,0.633004969696074
0.09920670122746998,0.16375923872856488,0.48367775670206375
0.11946103762564012,0.16024818788826692,0.6206687197922596
0.17935619926843757,0.2010371133457134,0.7926705503097866
0.08970798552653118,0.13448205125580662,0.5183441572729681
0.12213746673701133,0.16235992583682232,0.6290805210126988
0.1549691678042718,0.17811992160917264,0.7577432472737026
0.1031694066154198,0.1734741083413655,0.47943412080699405
0.13214156071218025,0.15969708983676772,0.7022141782721543
0.17029404358509218,0.19772681675228054,0.7601095595110202
0.1559983616657766,0.16965016175860542,0.8016400353292216
0.184751680102803,0.24666225055484722,0.6679241745836955
0.0828506497224342,0.12578610911187996,0.4996628814278048
0.19894242571400686,0.20287497499740548,0.882033014255678
0.08963014188359354,0.13866570766693048,0.5021439190347073
0.132745486260926,0.14957078287231262,0.7537935156572384
0.12971238316443204,0.14204298302248322,0.772388616670112
0.20282770521405463,0.23756947528263572,0.7695757419868232
0.1420514188066756,0.16080980974411258,0.7589799341277066
0.0691643307440929,0.1832850592488277,0.2682397078386374
0.25352303162672923,0.32576836363413303,0.7168376604211834
0.12481047250494116,0.2006897180440152,0.5222513316898186
0.1214117148331613,0.1654421130842717,0.6129740060893983
0.24848890785162037,0.2831404952955679,0.8069806744284416
0.2382202789314617,0.2988893824531042,0.7301038168048692
0.11074478459931184,0.1902098020628643,0.4770773304801647
0.18923992616838675,0.25357447607757416,0.6674170397047865
0.20049561536488103,0.25119373658134553,0.7185514170112681
0.07682439412110181,0.11838486465435132,0.4799971202992222
0.08314207484157894,0.13255722809068746,0.4763382257690319
0.1089193488747915,0.11159266603779955,0.7968207233678962
0.1370227384780573,0.15142056665297446,0.772832522455486
0.13523116312997846,0.17642898398462045,0.653130571448642
0.1459066130128553,0.17185146339246532,0.732647895615043
0.10470761338037493,0.24695075264173083,0.34301419402137373
0.08566766588964027,0.17221558670133688,0.3813108159804591
0.14380439346185644,0.14828345519428301,0.8349171072365843
0.24804245791252214,0.32595422265715507,0.6996149829063009
0.16397326522197375,0.16611618428149996,0.8667022171542125
0.14197834318918945,0.16428790218528683,0.7424669836712632
0.14178638021421483,0.1440999541983209,0.8451521091158954
0.08985465929487843,0.17356425659725275,0.4024714573402789
0.1184042649163803,0.1469604992162903,0.6695966973516674
0.274539771558503,0.37577557187259936,0.6773717894701271
0.10772150964886525,0.20371182664049445,0.43061569421629103
0.07891804916764103,0.16347915098216192,0.36040099800903597
0.1136475358867909,0.17960233547367968,0.52141602524158
0.24649377817872847,0.3154713488164106,0.717953560690981
0.11665686912183407,0.1822516922716804,0.5303482668229431
0.13501234745626137,0.13644962346311731,0.8428923769610072
0.23364432417320322,0.26756850058101406,0.7984659020373598
0.06913235097350748,0.1880928558139301,0.26121327554360385
0.14088080800944758,0.17371009516471195,0.6958767013214078
0.16849361804253027,0.23002538242275877,0.6455531840812985
0.2766773407709706,0.36898479946020807,0.6956312052595844
0.08464814307725695,0.16986859235439006,0.3805773756126977
0.1932378182985921,0.22747478975521956,0.7615693083396599
0.10503412361224101,0.16091856554821976,0.528429540261843
0.1383060034048618,0.14242535459031208,0.8306526864206879
0.10929051265317656,0.15267400043557697,0.5848442589991214
0.1951632358051492,0.24072822117181913,0.7276389737459444
0.08902281321513258,0.22192876212738444,0.3110133745328346
0.14411928798077364,0.1770910365056121,0.7008784319631007
0.10011296371468205,0.13104686084476172,0.6113306583481154
0.1341693125874414,0.15937824271072945,0.7163418961436162
0.12173502872188054,0.13901421548884066,0.7318318372270877
0.16530128480560466,0.17888063549881636,0.8122806831517888
0.13217577682663534,0.15098517780839482,0.7429588682472534
0.19447655724386864,0.2172040305008457,0.803284160250375
0.144946813919039,0.18491058330967175,0.6757147789090536
0.09953178502635031,0.15280591649777617,0.5204758222009536
0.1221728362566741,0.11817835358083852,0.8645647291640763
0.13573439865995332,0.16516773192898698,0.7007082879221997
0.1372639615751821,0.20240891559981028,0.5793418794211058
0.07215103940823782,0.11025960958411761,0.4729840746302618
0.12177455038153351,0.13584457168243358,0.7491985076846044
0.22480375502760017,0.2749376353881814,0.7449098583336546
0.1262165957699465,0.15172310400279976,0.7000686973025972
0.18866250945741297,0.18049626810098948,0.9344376547610647
0.11366365538285489,0.1639937649482642,0.57114156390277
0.18110819156609193,0.19776450272251025,0.8146466597807395
0.10442402549405833,0.1706026277730333,0.4948577087943483
0.1153020730911232,0.13765874789989366,0.692306697140871
0.11430368888737982,0.16704627897661417,0.5645363037424016
0.09529080567344042,0.1857799473954121,0.40526874255805584
0.12313419145984818,0.17229772393295384,0.5985812760938197
0.09028159919090559,0.12182011737365529,0.5769293340551699
0.1648091496849828,0.23373651467162854,0.6195401257198607
0.21337744886300097,0.24454677766587515,0.7907585236196122
0.1716556232979006,0.1980973192494111,0.7655612093718499
0.13835064305745218,0.17473143163192814,0.6773288695233601
0.20652699241990152,0.22307746447780416,0.8361534539427252
0.10925133694723745,0.15458568469221232,0.577358357113993
0.09049645402577206,0.14344450980934392,0.49145452913792825
0.2564627158294759,0.3059918710924595,0.7727745020978859
0.13363861336733512,0.20132745114129091,0.5644466898236542
0.12285313457697772,0.16216073350039592,0.6342665844979456
0.1347082822828179,0.15915625129625577,0.7207274696945345
0.17589476285754735,0.2225310864477719,0.7005527422980335
0.16670171773083223,0.21118385778582588,0.6946634997056034
0.14591807400448184,0.18998414937532315,0.6627819974377148
0.12964909659558588,0.16017265248228005,0.6845681512811083
0.146198255482478,0.19008307664091614,0.6639110525387684
0.09725480934498121,0.14902182072227077,0.5184127329175475
0.10403808736510996,0.1851990845961304,0.45377161311771336
0.0504549626212515,0.1614938856886497,0.18858275959726922
0.09990886958864115,0.12431020499433734,0.6428182593076828
0.10433940122855793,0.148216961873852,0.5690266495972269
0.12925376716727485,0.15670771886978754,0.6971817850150483
0.1268838073766682,0.180857850229349,0.5909824054699698
0.11291401515579032,0.13183394119105296,0.7047806833077976
0.0865901081945716,0.23448005944357603,0.2839904951943065
0.10444970048796598,0.16673388409587245,0.5064939316078498
0.14821509710970862,0.19760697076688905,0.6488389382830027
0.11643531135255461,0.15607355192341973,0.6178837488101271
0.15700883268438873,0.16563031880639567,0.8271965765189258
0.2513925604365782,0.3067845883369852,0.7542509279586327
0.10836648362932509,0.17121326286755378,0.51611938321439
0.08962496607481044,0.12401361521534895,0.5614300168082921
0.07000960584594729,0.20669749263453663,0.24194587562980088
0.14047262829587837,0.15755906592858027,0.7646188277765447
0.14170526934424285,0.15741849864751586,0.7731319405907916
0.12922459179479207,0.21556995055844969,0.5066781873440049
0.1840573058109771,0.18244489169408934,0.8992156715796503
0.10539759209373804,0.112522106474986,0.7589405741592846
0.12328092749581648,0.13170157021645784,0.784204222668487
0.14967881954964762,0.16583770955255553,0.7819621960501764
0.2648810052741548,0.34626842625027165,0.70719992557786
0.06896643445811564,0.11899520803132507,0.4114992130206234
0.16485240959639022,0.1788046125761038,0.8101156201143153
0.16182014926633514,0.20839375625846498,0.6805393396260854
0.17797233940501525,0.19529320175720963,0.8088983025707571
0.17587029934127157,0.19522256733767826,0.798423570937172
0.0969827665032428,0.16353629661589286,0.470738105828926
0.3656528888653773,0.49441763454414617,0.6991111657739913
0.08805179509416886,0.18315035041028577,0.3715624618883997
0.0735833936721241,0.13576132606153135,0.39468820190986054
0.09047550167171758,0.1440416740490417,0.48927160932413816
0.15515022148479962,0.19304780059372711,0.7000868234144036
0.1769085245852848,0.23192404824419663,0.6765513355478914
0.15455073833603733,0.15689399725266812,0.8575900970854332
0.11339356362159571,0.13216872546679204,0.7066237742079252
0.18327484837397676,0.1813980482461879,0.9000915387600263
0.1581011565015016,0.1985796323451392,0.6954447184264919
0.13377930443087288,0.19606973114801424,0.5803002011818957
0.10756310855233704,0.1268973614744712,0.6900309630941593
0.09465656542515798,0.146294296023459,0.5103176778210575
0.13711126176628413,0.15211752969015963,0.7698735445206218
0.15979203849049411,0.22320996806797383,0.6262804466148368
0.09248323151788404,0.1487354796936506,0.48732979963608697
0.11816694074534521,0.15190460628255728,0.6462407108494471
0.10676102189672283,0.14919772582111274,0.5815170534217715
0.2508521880516806,0.27484001477176256,0.8399511557419646
0.11021865560452643,0.1529515351251838,0.5898512592939104
0.12377276241063245,0.1453810322771165,0.7137984975428371
0.12119071087658394,0.16452045312223906,0.6150646254383886
0.14931055117349484,0.1566304426992228,0.8255773842241493
0.1803356187885021,0.19550703291926583,0.8201015400541234
0.13389209871932328,0.15102415436271785,0.7541316764852479
0.18938655634562324,0.26152656395666024,0.6476839437759513
0.09094620668308874,0.16144565182931922,0.4394432793897308
0.1801315520545722,0.22019048412680003,0.7272410190185968
0.15293424485534618,0.18047828507828476,0.7365664229227592
0.08952712998552387,0.1685755664177401,0.4124389522336326
0.11256484034764318,0.14937785543167162,0.6196690940578148
0.1201432844539537,0.20103158072335175,0.4981470279128193
0.1305992479297674,0.18092134630692944,0.6113112144441928
0.2045910435364038,0.2482300495448214,0.7436289195239972
0.09164830505575447,0.18653038488632395,0.3841106375211666
0.13013846969499585,0.1436140356231225,0.7669060284889248
0.14230880573318455,0.18096818700700532,0.6758580486218274
0.20846314729342935,0.26660354273625597,0.7069041369786714
0.11030440582956308,0.15020620264230558,0.601202908009132
0.2409490256098794,0.28158329244868135,0.7846666742493162
0.22932668385822902,0.2625447451726451,0.7972990802789797
0.13231539343031545,0.16030785288939475,0.7006231535507375
0.15095671992765308,0.15454662453960777,0.8473605963104748
0.1954989742017946,0.2520044162469299,0.6964122963219407
0.12898063312118238,0.1450044832861332,0.7515673353777208
0.13883044026585264,0.17528081470897297,0.6779432219273538
0.08573304526494455,0.20280386076052528,0.324121271747205
0.18071317622083463,0.22725516479726937,0.7071926236052951
0.16248435974914957,0.21317810890444133,0.6683817605916528
0.08380727405088709,0.20892462469308848,0.30540810660600853
0.11176505931180493,0.18289186410237998,0.5017448958824997
0.08881425898455948,0.1607071928206054,0.42819650929610614
0.16166024527528342,0.18676992608945353,0.7584746015663956
0.12037677159416453,0.16528192416263193,0.6073064075379296
0.14443241389293254,0.18428792139308503,0.6752065623851655
0.11530989343666245,0.15010792511851886,0.6349424479847402
0.11040885920377826,0.1618969418089506,0.5584346325112606
0.1160146330740477,0.16021052091943958,0.5993029204513216
0.11666361518270431,0.14246060042574968,0.6785287644009705
0.15840577062344885,0.16985302455022228,0.8148560850768067
0.13473909577850313,0.17607401204388473,0.6516526456494075
0.10513566837899105,0.18761802791008153,0.45377125709792376
0.12766733564040367,0.14944866957898562,0.7204302048570599
0.1330108256393043,0.15340375531734132,0.7366887818718812
0.15484196819401724,0.22500133363597324,0.5992940842394131
0.11063836837506488,0.12217674901024805,0.7418626629806808
0.12058503353099265,0.17483390407875662,0.5753176654207903
0.11076782719027155,0.16802071281785216,0.5402180818544146
0.1084102734677545,0.11846824830049449,0.7462782199961462
0.2703481049199,0.3635577454521903,0.6886061651870984
0.07702034518015563,0.1271381852569733,0.44849110489429583
0.13630587960424675,0.2008460241342393,0.5790798205022544
0.12102582128554504,0.18208500699176527,0.554827785958862
0.1059499977053223,0.16456743726321021,0.5222782777363989
0.07150427646016322,0.22184379194943524,0.23216460558834373
0.16629473839490938,0.16884136201553263,0.8664626762573199
0.09805764966300803,0.18727482795143677,0.4168080169495581
0.1843445357970001,0.19154563478965145,0.8579915484760454
0.12858338744561937,0.16716087814072464,0.6495741626471253
0.13027577837418072,0.1887411159468313,0.5842700347562086
0.14532751020034462,0.12646018054903502,0.9910432648144829
0.14238773103344357,0.17032847472412554,0.7185394645943389
0.09550575204992544,0.17398495771550657,0.4339786211483265
0.14132086553754453,0.19619718823303603,0.618361897181951
0.11092752555530642,0.15777542117374285,0.5763098262002211
0.12592326710584215,0.17633306052875955,0.6006999866514895
0.08457757898229382,0.18670364820903296,0.34588279126711496
0.12057298193407097,0.17159292976833637,0.5861137872629846
0.14167141240055492,0.16730512411258117,0.7272425937096888
0.0499793156388966,0.11062063123938089,0.27101016603333195
0.14618933546640595,0.17549215575149882,0.7190596920189022
0.15753822359280006,0.15466909744003893,0.8892417804799047
0.15359363466862339,0.153135669715359,0.8723874386479691
0.10100934197375101,0.16213226750354645,0.49964971946117404
0.19099195715964756,0.19673295854847184,0.8691576562526909
0.20542305041108888,0.25592417051000127,0.7245234009807712
0.1713477704736483,0.20640361571763352,0.7332612364731861
0.18721328764586823,0.20855041160579613,0.8017883367304799
0.17834351134071474,0.20108483656483628,0.7874463039865249
0.15912344151203772,0.2144533441331175,0.6487352392401011
0.13379905584983204,0.15288679279047715,0.7443354247465137
0.09228006642464276,0.13743722764416855,0.5259133035757914
0.22801209769219144,0.23295493077191481,0.8929285033930242
0.14676216512788587,0.16909902582251243,0.7496327344956817
0.13796275582816628,0.18574369259428317,0.635083507712051
0.14793629552843898,0.1482178636673808,0.8631638074041051
0.08857745027781075,0.13287895214476644,0.5160896377561608
0.13243054468067247,0.16089030420820724,0.6988024867873749
0.13145253924896005,0.186902074132912,0.5963151546927329
0.20974378397170299,0.2522208187916724,0.7522923162359022
0.10310977621516933,0.12347585057647346,0.6730852699305453
0.16695629134588272,0.2531312762148094,0.5805536697929589
0.09543867973944938,0.13313702737602762,0.566624336041265
0.2621847746040098,0.35556027241852695,0.6811356425077102
0.21458411374752445,0.24475782961103365,0.7950066972597172
0.1500378726346074,0.1718438700561638,0.7567210433058048
0.11252339533552584,0.2066032471888435,0.44783127368252745
0.15704972642308926,0.17652591077031282,0.7763717282354764
0.14306746433752232,0.1491124466710134,0.8253332775703555
0.14760579757816852,0.18541677911838406,0.6882106257314251
0.10624136650049253,0.2180295156364982,0.3955490441224266
0.14823194841941548,0.16911294570180144,0.75826216548512
0.09131488950886063,0.1259921752596533,0.5660263374442898
0.09228144505167925,0.12606577943213595,0.573362933043935
0.10862187552376218,0.19083889691275877,0.4643805689375542
0.20261490625010617,0.21358890709998146,0.8549831015550996
0.08336879446278646,0.13074326766520103,0.4846811280949257
0.14296012731567573,0.14122786886686192,0.8706505897330539
0.12524479229135588,0.15348323710997777,0.6857087084757221
0.12352730080465027,0.18115888865286559,0.5714723775051855
0.15171634069451292,0.1755949236502885,0.7501147411119736
0.1325557314019201,0.16451636011820867,0.6841613279132014
0.17514822438677066,0.21125318307411542,0.734418398478469
0.13764153107450633,0.14317254680665714,0.8216765972136517
0.10992961251376587,0.20157938536397846,0.44612504573017703
0.14639398170293338,0.19163641978009713,0.6595509446897961
0.1753124835494189,0.20039038067800116,0.7750495958136033
0.12637856804804357,0.14860357693425943,0.7158546936935728
0.16671676768821106,0.17550344285892422,0.8359765785685875
0.16239048335067766,0.23961761525919956,0.5942404659884909
0.13732536416816638,0.18117222054789686,0.6475902531489304
0.13651357966340513,0.1741282143775995,0.6691252194819145
0.14576486854742793,0.17824837312472488,0.705559699327113
0.13971039873369148,0.14995895722945318,0.798287751164619
0.12634786567290912,0.15220324299295418,0.6987227314061383
0.16475135260129978,0.1882802572508522,0.7688079181262357
0.1544405156127857,0.16971159135119115,0.7921704966785825
0.1173645638874422,0.17287138168469066,0.5632196777661592
0.20686628204194196,0.2275820671971497,0.8210940534258506
0.1536237591499879,0.14833920774489104,0.9007986572220996
0.13659863056513366,0.1849178192738909,0.6305429678057888
0.23406048916375008,0.30318415182651975,0.7060411564197929
0.14372915260608798,0.17551591834443228,0.7049454760182037
0.17392385300230195,0.19371264382257683,0.7945988964111306
0.0743196611968039,0.1335554831317534,0.4067198135415914
0.0914153353528978,0.12351149572727631,0.5782080034929608
0.12177863608602535,0.1587731345996127,0.6410318492652195
0.17492478979550752,0.2056131701349353,0.7534769766636878
0.12067427452177738,0.26636236030901134,0.37795983788769366
0.09809364693378457,0.21324972396968717,0.36620749363729704
0.13304891289572718,0.17547201475966862,0.6442560829461161
0.14767927705126466,0.18432956169463405,0.6926684785524637
0.08354758624135884,0.1136000420481113,0.5593975591527114
0.07787405171532298,0.11661935777250756,0.49626453807282495
0.1436285142521921,0.20549351486942075,0.6016175952353089
0.1886633254345301,0.22394830328836376,0.7531350894735436
0.1551937128684025,0.2054704669588424,0.6579715073869133
0.1430844176279748,0.1518537984970542,0.810545530280973
0.0979950560686109,0.18756700711729588,0.4158250284381642
0.14791186509736282,0.16866126904210835,0.7583950116338094
0.17030015340692556,0.1914592929756428,0.7850240699783978
0.24746431970478525,0.27493689749149514,0.8273328235684394
0.14355805702849037,0.18703646441058247,0.6606094561179028
0.19080290804942748,0.24021988610101064,0.71102734591093
0.17781731052836894,0.2057812107720522,0.7669179801997872
0.1569415374897463,0.15884798124610047,0.8620917711102989
0.14217447189411594,0.15396349402543685,0.7935288340100353
0.14549435483363016,0.16134033813660106,0.7778237995719248
0.13724927134317935,0.16321027416179062,0.7183939365664562
0.12581075944758294,0.20808612863138018,0.508495016671795
0.18831223812897283,0.21035605816573535,0.8001302153911012
0.16799176479911376,0.21759327524473845,0.6801302321161339
0.05955515381361225,0.11646650378354684,0.33962686719887764
0.14679013324733514,0.18224910225445487,0.6956968878250588
0.1736166731964244,0.21598647240889404,0.711232844738561
0.10346034892405376,0.15623899949058284,0.5341838413979619
0.17142844227186801,0.17237934883254075,0.8784604611714502
0.0656744648365596,0.1208108584827509,0.37806589084938
0.10328244500018888,0.1460006268833053,0.5704252562336904
0.1460234779835843,0.16133740623650195,0.7811175407075065
0.14620531953092655,0.19229642942148273,0.656306099445585
0.2423618405038708,0.3008109052912281,0.7392080426359299
0.20613817677835913,0.25912554785333947,0.7183320144245681
0.12224410470752274,0.1470176773968774,0.6954544957985737
0.1336154735323666,0.17463208022772952,0.6505990960206508
0.15039001528492646,0.24157750966243102,0.5397440161839872
0.14116292239433376,0.13866376231728472,0.8737893763266983
0.17757989563062349,0.1433402541375799,1.0993415393234631
0.11551208058965627,0.16455492155662846,0.5804267638193221
0.1363359893647605,0.1800308411470883,0.6462003322514722
0.211612406062294,0.2340112889545136,0.8188169336545942
0.17810947383895695,0.19748626122292096,0.8006099910944398
0.17267959831070295,0.22454549841269622,0.6799494952692856
0.13907652094839604,0.16419849629108016,0.7251986080146867
0.13723015396242477,0.1853562822088382,0.63245848786686
0.11077055887071208,0.13674218975503397,0.6638079954205975
0.18793241593022023,0.2118166979001421,0.7928195349801437
0.17455655076197826,0.1895404161471757,0.8154279382924172
0.15359262504712098,0.19498306914813865,0.6851498729134468
0.11137335049225756,0.18543007968295222,0.49276444602993985
0.13565687631897166,0.20256937131715128,0.5709494755645674
0.10477875177115713,0.13828506716705086,0.6130723548678099
0.1582223234152003,0.2230880016911325,0.6195865414876522
0.14872345103245393,0.20860013982810063,0.617082285460259
0.08178052393064687,0.12834689651627854,0.48135580686059753
0.18093062853621453,0.19979177702834705,0.8054917521124066
0.2176945701158354,0.26192309764268806,0.7547809715717689
0.1334023618842581,0.19652545301947205,0.5770365117694043
0.29661714436660175,0.3970458254565126,0.6966882073336366
0.14601159063777333,0.1881594082739018,0.6697065631410761
0.11712507739423691,0.15448949987797964,0.6286840042264954
0.1710481854966987,0.21032919939381114,0.7181512882283297
0.0990070986567934,0.1292001256405339,0.6115094568608263
0.10591329035627699,0.15536156785037175,0.5529893367130525
0.06199629080491338,0.1296540294630224,0.3239104174304957
0.1898240511320664,0.22068755411727536,0.7695225578594268
0.1570796861353927,0.15619483779927423,0.877619824488397
0.11063321400906843,0.11912600451406465,0.7608180462257323
0.17267449993139933,0.17064933197810617,0.8946680198606758
0.0870377246304271,0.1335884034772574,0.5018229343675018
0.055087564426712414,0.2976345539112571,0.11788807437047161
0.20644245527636598,0.26147333669796347,0.7130457645543105
0.10962239428421473,0.14253404404469344,0.6287788639190819
0.09995578379945783,0.1233266101427451,0.6483254806640071
0.1359171161243262,0.15744435310471666,0.736241813939363
0.13678108901832112,0.18680200088079255,0.6251597331275097
0.1440270964520754,0.18679795962331266,0.6639638714586721
0.22818112974487054,0.2881140415507432,0.7225650253779987
0.14013089736490947,0.17951238718785556,0.6692067285540315
0.12973087161301544,0.1621230742528622,0.6768368544619934
0.07716227699416923,0.16203837724919196,0.35276999168080897
0.10660138389403595,0.1555778248334915,0.556643493291681
0.23274768554758204,0.24387066368978996,0.8723791633183187
0.17891762278852108,0.21255116401053695,0.747667619362663
0.10738299745606263,0.15873974333667215,0.5504796443492507
0.11839022900472351,0.21485539111446655,0.45793698028412533
0.09484937256037895,0.15415050892795765,0.4855603337343496
0.16081908488866337,0.2489162851567641,0.5657286938858879
0.09592355551557546,0.128808604103002,0.5894292236476927
0.11149765638746138,0.1387183729075192,0.6595929181526736
0.11704319439792049,0.14806349002179778,0.655416094701225
0.11094055884448374,0.18193510970975404,0.4998516173682125
0.11812722569509902,0.14518793688265177,0.6758634897774627
0.09981315374732042,0.2101839259088038,0.37973005500882284
0.1467705487237222,0.20530404488205073,0.6174771120391378
0.09105450074676348,0.18848876384127816,0.3769694240585967
0.11923887017479594,0.18012894023426634,0.5509324045638142
0.09880406833735685,0.15548250339978184,0.5068356028120615
0.19480888535634927,0.18314927506201636,0.9544612464185679
0.1061737709208125,0.19472172216620617,0.4425483195308751
0.19319630644092844,0.23184720337899228,0.7470278007098092
0.1452470066580929,0.16785174002311487,0.7461763973423519
0.129887560301908,0.14702380480674498,0.7474133895959868
0.09830734903132489,0.18013313071245107,0.4347193030044426
0.26773612864653107,0.3397351826147722,0.7292036307215217
0.23238623468130723,0.2939177009820603,0.7226044364516533
0.07954144262208321,0.1733489208390038,0.34347743460936664
0.10907551179195331,0.16530365640325526,0.5388599001987906
0.11851029289979055,0.17357577306345806,0.567534807197868
0.19829695618912202,0.21027990288038265,0.8479029795374499
0.1761455415152533,0.21449468804591493,0.7279692701845775
0.138494929651199,0.1779027904998648,0.6660656042451962
0.1665892545118746,0.17760054751619675,0.8253874020208525
0.12617445882055503,0.1847568837105961,0.5746711932361184
0.08935974124655588,0.22715899105632614,0.30533566346646385
0.16185872644524307,0.19318511728673915,0.734314984702917
0.10213394430442287,0.14482149217100412,0.5671391937285091
0.1391469124162392,0.1600328796125776,0.7445152065293149
0.08998111721411683,0.14593748492971254,0.47952804755969064
0.14244772747620904,0.22366802301838992,0.5474529877976407
0.1256865147249936,0.17208088589284562,0.6141676582883491
0.1397364236987701,0.15777407462832194,0.7589106383975981
0.1299636410554588,0.16547782285962112,0.6645219229693615
0.13929259216004278,0.17888626308709754,0.6668627881278992
0.12934286702829487,0.15524443220851006,0.7043271405794159
0.16437960486401712,0.26021579899470204,0.5548456528074096
0.173521034573942,0.21969890285253052,0.6987792500583884
0.12769225491468872,0.1779216991436774,0.6052789256903612
0.24403043481849793,0.2693829246776968,0.8316430415422178
0.12221958946584913,0.18660497334587137,0.5477859867988922
0.14459934316176362,0.2215585831119632,0.5623765119440133
0.14328864011908757,0.16495259784032382,0.7474186022728331
0.14496342315291547,0.1858951446846667,0.6722253201657875
0.1163080479341558,0.14749827616471678,0.6529435491612461
0.08603297397544711,0.13204056898673575,0.50009610290365
0.17629548301800585,0.2297647093041186,0.680241467418444
0.12010711006015437,0.17774646045070322,0.5632017076813656
0.23850025386317558,0.2754769301014976,0.7931707885036713
0.16286856803797958,0.19311001624561014,0.7398299208688889
0.16431752493382293,0.21700614023493225,0.6650389006393268
0.15516533469345603,0.1454441833954115,0.9293278805518753
0.1081267229604687,0.17102866995690796,0.5152745617601594
0.12766064285007078,0.1567552454416859,0.6868072742747312
0.16573503335179265,0.23599331343846627,0.6175388244200916
0.16019475294916755,0.19066757666699133,0.7352836565076998
0.2135606214503957,0.239199574692895,0.8092013612436624
0.16577901226808106,0.19084560042382628,0.7638583857544413
0.09600715709034964,0.15868782287424757,0.4789728393374055
0.15714079021466607,0.21781911110011226,0.6296086212179726
0.16193502855126884,0.18798754807767382,0.7550235640746976
0.11189280107630441,0.20191366807143366,0.4551093640862107
0.07324571507020881,0.20159073468202707,0.26412778917738605
0.08333431223070582,0.11669956929231969,0.5427124762736723
0.13622507151675303,0.1769604499960934,0.6567855784686286
0.11983703209315007,0.16996606457412602,0.5873939150341914
0.24394765281519354,0.29023088298427785,0.771618962504845
0.10368971145708361,0.1539352549771561,0.5436682550043725
0.13959226324823856,0.18061623355203946,0.662134631512961
0.11059352868627048,0.15395343913213894,0.5884475799758759
0.09904290632384002,0.13394876200632458,0.5900980728743719
0.18179515549849826,0.16965131732214983,0.9536923028500065
0.13212046825677473,0.1875282951952696,0.5978856051564158
0.18783448390844054,0.19692786247914318,0.8522637771799105
0.1033894082428297,0.13162683737428513,0.6335289208971059
0.1044525708589375,0.1576112968660495,0.5358281578680997
0.10919575251382958,0.15578394426838674,0.5725606251191194
0.10109060655900763,0.16230758774158582,0.49961069403676994
0.09960457265666604,0.17289636024119487,0.4604178627335799
0.07963207107263495,0.12750237434658532,0.4676938086700969
0.14632844668307785,0.1693697195135324,0.7458738613131162
0.10015357031544389,0.20444042632944293,0.3920632125188461
0.08712465553783394,0.13105947198189488,0.5121694336377826
0.11061554989776469,0.14879303740112382,0.6090039660490207
0.19055517156507654,0.20746520950264333,0.8220904698862461
0.14702782610609202,0.14812584938191917,0.8575669043326178
0.09640741389581765,0.13043838735977928,0.585773984502494
0.1805903099113594,0.19709486396876405,0.8147868832178705
0.2133498656110916,0.2599581876067401,0.7437729405299119
0.12195332316348224,0.13223444656204422,0.7710042716868474
0.08812904611844335,0.13225888615495035,0.5151188558977089
0.14856435632259507,0.2092960097686736,0.6142704606011937
0.14314888598310996,0.17111633655946745,0.7196793039121221
0.14693352324367584,0.17898878242267044,0.7091702704805855
0.11427107007862448,0.1694351412579987,0.5563844039594953
0.14163803922039367,0.15923556693964394,0.7638873749009786
0.13797018003623635,0.13454027556772177,0.8768391438060883
0.16633421119903838,0.14691997534557236,0.9960130394443901
0.16081490047290775,0.20620796213746587,0.6828780955559579
0.12298794709917386,0.1539727778594503,0.6688711376837242
0.11342052134763539,0.17135787123880292,0.5451778822429775
0.11850442140620272,0.16255379902189665,0.60598043231788
0.12380360318948426,0.15561391686738926,0.6670586106893215
0.11888789211891357,0.13416548045474994,0.7370591286502011
0.19973326805518526,0.21241225760711305,0.846152995500042
0.1399042481808473,0.19464412414100052,0.6160178156417836
0.11419353004364349,0.1799812922742695,0.5233517820291236
0.07445870007320173,0.12302121312171918,0.44267731305266356
0.12562412475295523,0.19318689152968932,0.5467458165334304
0.13577216523036836,0.1612519021493869,0.7179584469218526
0.08610481336199828,0.22335889582685145,0.29595782660585385
0.1565258256316547,0.1983302941042012,0.6883760559540395
0.25680846341481184,0.34246704161403213,0.6914781121673605
0.22074795345208983,0.28913385846544354,0.6943080084689655
0.12502520780483858,0.17009183219344778,0.617461793729119
0.12180182964555045,0.18099079324294018,0.5624696583814844
0.11572167558608244,0.16422569206626525,0.5828666293423725
0.11245466751013176,0.1554229807107247,0.5948584121045112
0.0826669379816879,0.1353030785459906,0.4631597348347613
0.12695775757448322,0.18137884484959121,0.5896925722687127
0.13501771108966762,0.15857682292299868,0.7253122427955163
0.14058967187972354,0.15984047376105737,0.7544376530064022
0.14376241260644063,0.1423257028216499,0.8695717649926438
0.10823686509088838,0.1506348047744677,0.5857667835995652
0.11239361334862279,0.15653646194833368,0.5902370105893805
0.08627668044075634,0.14921834112394033,0.4441590754966718
0.1529399960218254,0.15609262507033075,0.8516737799875334
0.1554730253637475,0.18143376655655982,0.7466803337377411
0.21369684462955293,0.27567885332683056,0.7026177100349297
0.08884704720918493,0.1218325210224764,0.5650958104731627
0.0754123657072935,0.18339813580348502,0.3021424697940715
0.21950790960240482,0.2773811934185714,0.7192553580997292
0.12129851169235205,0.1880560227463762,0.5386613532126509
0.1325832640536763,0.13099932050525284,0.8594186872073272
0.16414041681990976,0.16326429367438952,0.8828655278868265
0.1843537451143908,0.20236009109835515,0.8121845776127283
0.12783487683110673,0.18250138864684984,0.5908715414750794
0.10533135891166505,0.13284494351555537,0.6423380269770919
0.17344774539450053,0.23008809250474016,0.6669086771247812
0.07651702609138261,0.16776352781321976,0.3368850597509256
0.12466672959811909,0.1310417131069238,0.79872833708085
0.09355387692453437,0.15693649017046843,0.46868562464114155
0.11639230129854132,0.16726123494722978,0.5762979170215543
0.1899924665505231,0.2223576323177219,0.7645002547410858
0.07604193672347466,0.11266345225530572,0.4974278313119545
0.12314489189482741,0.1344014974601016,0.7674385616532805
0.19890069787123843,0.26170462494729413,0.6835977694596267
0.14142257469381736,0.1588462909848279,0.7644029579854337
0.15542584578713617,0.1656602624649528,0.8174914356168363
0.24428789819672778,0.2955376400333539,0.758914831191773
0.11540167805880139,0.16701489294848798,0.5712165925719325
0.17313147747900912,0.18273685232889558,0.8379890291827848
0.053521138315402624,0.1130994648270471,0.2963863566168373
0.1375503188831815,0.14699254737553816,0.7997025766405875
0.12395688782363203,0.14736130815460827,0.7054557883984223
0.15201256953716452,0.19841631733607207,0.6653312152425714
0.11052247245759891,0.17961828603317023,0.5039713631432942
0.18401792142652562,0.20594194165248197,0.7964279646508272
0.1486709520797776,0.16742777119723387,0.7685161855747347
0.11993354685777194,0.17298277476075574,0.5777080810270576
0.09572308061846688,0.2468203815424968,0.30679427746297805
0.10392807665238153,0.1815713012089572,0.4622320603176975
0.13567953975569888,0.133975678318749,0.863436865611378
0.17131313093837333,0.1800646014646458,0.8403269143829051
0.1458286205495723,0.17670737696612743,0.7120733877097393
0.14036537421364167,0.15987844002315899,0.7528555707461638
0.09366928995549803,0.16672403129998412,0.44186365565349095
0.17391365648545998,0.19362781112574562,0.7948943676562326
0.17372663631761964,0.2227648279603495,0.6900848653943784
0.21379698412151196,0.23679448752340754,0.818418478185033
0.14882605395714746,0.18413712435165544,0.6996202118977497
0.10819711773792967,0.15816265131808394,0.5576355543038714
0.14725893799984513,0.15850686000736938,0.8028607594266176
0.16592209739074967,0.17484262384633695,0.8345910978720812
0.11593956893303599,0.1503808792543474,0.6379771777419132
0.12165605994719542,0.20293641596199377,0.5009256690836291
0.15153496882227643,0.2060567141615968,0.6383435228377086
0.1953029085421522,0.21979367843446793,0.7975793925957668
0.13918212049028497,0.19135468834145702,0.6228335533520563
0.12179826299649286,0.15658503170302868,0.6501149049135063
0.18475720293940995,0.1785206183107929,0.9229029369177866
0.08885781170792895,0.14310684043503977,0.48116366414493966
0.1730454212623731,0.2601656892330684,0.5882613564975818
0.14821000626845346,0.15748971323311198,0.8140849560039551
0.1504146110471393,0.18673050734331556,0.698410842998268
0.14983227612847694,0.22725972550580814,0.5712946974634923
0.1680730257848066,0.14785557766016527,1.001470679213341
0.09302213073782864,0.15097972645554897,0.48365520624603603
0.15743575627914805,0.16707839091153667,0.8225824747852428
0.12769200813458548,0.16852675808040604,0.6390202325212023
0.12766264062247307,0.1207647294467417,0.8915073226736555
0.1642574831968487,0.18341677277831908,0.7865010435615994
0.08504053779745045,0.17428404901933334,0.3731869793215299
0.15918339111784655,0.1572796483739482,0.8849421559420328
0.18534971173747458,0.20589186649604233,0.8030900615525429
0.18212442473601217,0.22675387568636707,0.7149797296530154
0.26483149259467953,0.3325981713580991,0.7361179756189229
0.23603208273010406,0.29642748472593017,0.7287856014088647
0.10829995495291178,0.15361521097001285,0.574812574844224
0.11247848514941952,0.12868559743184196,0.7186389696671419
0.06921208676202745,0.3244286209746533,0.15168848732945867
0.15183851850999924,0.19626197798088812,0.6717476297056254
0.11306618974311473,0.16574443952405138,0.5615041446359338
0.13828211959926723,0.17372273935804927,0.6808672257664738
0.041607881938736865,0.1231728214466678,0.17542735227586542
0.1127812185296257,0.18920314735677787,0.49037883262411797
0.1374156136138414,0.16347765995618596,0.7182364467738909
0.1652425894052254,0.22389058003971812,0.6487213056460858
0.15054707430053396,0.1491091401346403,0.8755135612924504
0.10292529996067863,0.15996846675795257,0.5183852895593009
0.11459044511097345,0.1424433054387711,0.6640567966293994
0.15372118824693967,0.21419261270793893,0.6243034554570489
0.09334284308307707,0.22192880787517089,0.3304791468277092
0.14099267130980747,0.18746312692242975,0.6454211731988924
0.11049365502805064,0.1365821935534166,0.6625582198799511
0.14980557760961774,0.16598259134250593,0.7820433249036538
0.15941574550730625,0.1482127528493007,0.9406460836002485
0.1297477021659351,0.20224528268448674,0.5426465364690224
0.1404902353072363,0.14568094263364045,0.8270830290427628
0.10600407821553837,0.15000701773502897,0.5733336980770805
0.1160969348692786,0.17825659631554855,0.5390932894240194
0.23971711672356757,0.29145271563934244,0.7538688265147478
0.10195168586686885,0.20338743222585948,0.4029338733961812
0.1709767860829822,0.18645601649625643,0.8097179641613412
0.12293256746434383,0.17393477906169072,0.5917883014519827
0.23753187296074685,0.2632537510248497,0.8263201269265601
0.1497063057461508,0.19762711061785004,0.6563183833465179
0.12531461509414057,0.11147571290274959,0.9447314787393744
0.09252926131531278,0.15885994725213973,0.45656103108353424
0.1806415354750262,0.1955527498980181,0.8214741830979196
0.14460751950121978,0.15189034316551234,0.820378155084139
0.2408900362170941,0.3034737924868597,0.7278718679691545
0.1100330993796101,0.16115335610468862,0.5586796425208961
0.12639099229801604,0.14926945453374915,0.7127445640525303
0.2280416677481864,0.3020445924851046,0.6887779914763613
0.1288993389475357,0.15295971416400564,0.7119478455011509
0.1178075102743113,0.13216943714054832,0.740016091392621
0.09992948912519133,0.1503740671698925,0.5315377220919818
0.19063191030506055,0.2124622803438186,0.8031162521127716
0.18359109187898684,0.2197615498095867,0.7444027038430109
0.13957975173231324,0.14783652090146954,0.8088647582014667
0.13908821996451134,0.2213129129106742,0.538098832093803
0.1921261972729648,0.21684747236411708,0.7937662145489109
0.14448557210375035,0.17565000123644792,0.708713755920653
0.2141935707095681,0.2625828965758572,0.7395514835196731
0.15348973786726014,0.1816894620324102,0.7347137053190675
0.11800572202310715,0.1316114019020605,0.7446598137146108
0.19788058738257638,0.21687869649834068,0.8201846942764954
0.14124910283131129,0.19301390720135464,0.6281884274008434
0.16421655029762774,0.2112974193093482,0.6825286876149147
0.15331010465532063,0.1548917470649667,0.8606662858506334
0.15519996973556988,0.1487587222070401,0.9088540673763026
0.11378981579335695,0.15756670203723894,0.5952388073159701
0.15116992561714296,0.1718644727308346,0.7632172230416383
0.13981078040703948,0.22571958529132002,0.5307947923633136
0.0902069377701762,0.1082305467993236,0.648679507277653
0.2020846084772592,0.22663500941084846,0.8034266592376847
0.24945804131926613,0.3192270431741299,0.7187926155557656
0.2078330698238748,0.26610903335196634,0.7058500324392948
0.08657189569764219,0.18519964890954943,0.35946016145071397
0.13644755500691275,0.16798390212125586,0.6932066319239172
0.05780357333597532,0.11897687918852987,0.3177388211374419
0.08086969626474405,0.20022528422886923,0.3040060424894511
0.12871891530197813,0.1497336206880723,0.7260821905085917
0.15881613463050814,0.17729967454887224,0.7829463589468902
0.13054247149682144,0.19093927174548095,0.5789404688008489
0.12150991494260946,0.14005009953804667,0.7248114444576513
0.1395176405014242,0.1787615401660673,0.6685869924279785
0.2806868775114847,0.37585861477889765,0.6935769655428443
0.14334098798611683,0.17203090927190803,0.7169699242312726
0.09558556554445027,0.12772709056403173,0.5917739550057156
0.15581565250450524,0.18628722893306787,0.7290658263712924
0.19972372129974894,0.24924638324737208,0.721068522472307
0.12646418451430405,0.13010545281022282,0.8182914875181835
0.10934825644549605,0.17636954500234547,0.5065968528994494
0.16436050738938524,0.22856514057482502,0.6315945949864834
0.13316914736871435,0.17426603558102985,0.6494044980789914
0.15590280311578594,0.21261523841066363,0.639195967945117
0.12658916027967715,0.1658779740965001,0.64257572990172
0.05143468581028637,0.11659992602040657,0.2695943889774413
0.1479715908687487,0.15725861344756362,0.8137652244493406
0.08757356887483242,0.12195940378406904,0.5540660808286045
0.09842023642085311,0.21183353827368942,0.3701974534340921
0.11404705237595301,0.16744056936784968,0.56167422704674
0.2766414368713785,0.36280762541139816,0.707376082794195
0.12104811929150339,0.15385065646458573,0.6567935530048469
0.13536791046881724,0.24364581613688316,0.4735066347455856
0.1609069503326548,0.2023935061021247,0.6962029219532138
0.11447307907463611,0.1543033672213869,0.6122554599802787
0.12470366549186215,0.1509667014877459,0.6935547008713112
0.2894751388353096,0.37517384080903815,0.7182673990654675
0.128305122350374,0.17055882539781472,0.6350015726114496
0.21988954122736842,0.2499433726470458,0.7997393133909567
0.15333978216974836,0.14070383674811068,0.9476627308212958
0.15021550813533704,0.16978160986626628,0.7669588493000232
0.18298235858681558,0.219565493072463,0.7422949585845289
0.11637753842813425,0.2233999388512524,0.4314125550961132
0.09780019958073218,0.1222999218431737,0.6361426762029829
0.12337699355824204,0.1728402273785521,0.598107252727846
0.09826519538751591,0.15293775628794948,0.5117454138673192
0.10750915237176877,0.18327020537310437,0.4774870644882852
0.16162318514446736,0.17814769662914753,0.794976235024168
0.09503043863095062,0.14726426611881815,0.5094952129827159
0.14635457578636143,0.17268418670065894,0.7317090128547323
0.1802094630147674,0.2291228304051061,0.6992295910953319
0.15999112669222262,0.2086227504816508,0.6710252183379943
0.08042057720858846,0.17052814074508077,0.3543144078425743
0.0849652190227899,0.13767361240529086,0.47187850952542637
0.16272049121707377,0.17400316713319433,0.8202177786098883
0.10025623286793794,0.17650681011242716,0.4546919907329253
0.16395894857308727,0.17718440135243202,0.812480937792842
0.14355016658411965,0.18570575017366167,0.6653007053824797
0.1009937859857241,0.16946627194114344,0.47793454743521874
0.107571490111455,0.15791276943192517,0.5545561035151518
0.13346063879846556,0.13455686190343738,0.8432170399447099
0.13712931144504026,0.16205570731148045,0.7227718997882064
0.15448596065659553,0.19555018094951793,0.6877312002657447
0.13223266515659585,0.16895313059424286,0.6642828384525964
0.12982115053891652,0.16505281530996116,0.6653697504806431
0.1350577318333685,0.16646760489506723,0.6911719064252476
0.141171652464352,0.16717837088193904,0.7248046013675007
0.10017050602489043,0.14582507307634968,0.5497717527829767
0.12982773243329201,0.16743545982351174,0.6559406982789538
0.11956680106084536,0.13967253294313733,0.7128588489290189
0.19496764269683078,0.24535442999736876,0.7131220035387468
0.13498939693604844,0.1798027234172002,0.6395308966996903
0.1394420009034341,0.1379213269620697,0.8660154563063499
0.10641997652688438,0.17327874923999598,0.4987338430472525
0.12121312250118624,0.16055666169926386,0.6303888074776176
0.11157922148378845,0.11545327390085734,0.7932145914063021
0.1284159838144726,0.17385285259864974,0.6236077360476663
0.18901676991666921,0.1976284936976329,0.855224703454255
0.12626199197772583,0.1665635476347464,0.6379666708993582
0.08218185733554324,0.11712427001712603,0.5309049723550119
0.17093948609563836,0.23488132547002344,0.6426202074328038
0.08674022281391594,0.11325826232882902,0.5892746492979499
0.15223525920624953,0.1378564887216878,0.9592240483740544
0.1961451254158178,0.22331936511472303,0.7887588491277011
0.09727844708148094,0.14220575266238045,0.5434270107549904
0.15527486012626657,0.191899944944892,0.7049239131627345
0.14446547176343805,0.13975873797381516,0.890573810037964
0.1700187632117332,0.1933129787772818,0.7760408233353625
0.18814915474490085,0.21350094646140552,0.7875803715713134
0.14734510634832468,0.1688874963989642,0.7540232939891323
0.12423395986279974,0.17375261065158287,0.5998986689864172
0.15335675516525224,0.19067915237108243,0.69937774270008
0.22402626357558042,0.24787061996500176,0.8231159610783563
0.16455073320198643,0.2227356899378481,0.6489787660088139
0.2185651253160059,0.2807836982199581,0.7071818149515773
0.19469536294839673,0.2614013325434965,0.6683032609228489
0.09808271299339955,0.19339788488780385,0.4037412975777773
0.25832517664935223,0.34624326202840855,0.6883171538217491
0.1303824292090801,0.1934552056763665,0.5705839179832678
0.08330575535655149,0.1269350279529764,0.49872565813751085
0.17054724387971837,0.22826290919199263,0.6595344132457921
0.09943899679560088,0.208109763195156,0.38171681893226
0.11663907558753202,0.17153771590574424,0.5633692571762633
0.16450655610255063,0.1924312348942014,0.7509516642763338
0.17918204349225758,0.23788838232485587,0.6691459327966743
0.13432320762690106,0.1700297791877788,0.6723716761441176
0.09237604835791267,0.12009686267166728,0.6026472860975686
0.22841026754562455,0.31149739464363513,0.6690594243462415
0.15590552195242774,0.1831393212246889,0.7420881602246892
0.1618021659786043,0.2084604044783464,0.680235492843121
0.26680192860003593,0.37416782861266495,0.6596022151747392
0.2762495908506222,0.386021496132749,0.6638220757594816
0.23138127580396234,0.3044965470149005,0.6941992540677923
0.094923815123866,0.13476604473093107,0.5559546937320609
0.08711812519580923,0.21691398472660978,0.3094227662656347
0.19034648437531096,0.24204627782619653,0.7037765087948585
0.2609219258870715,0.3492355811960654,0.689855040147856
0.08080212704875193,0.12029159617316373,0.505456149748194
0.10435712028062186,0.1363155507741452,0.6188371011344787
0.07973588183260844,0.27886459355789767,0.21421106591721586
0.13428703052693572,0.1732607919774272,0.6596243109740909
0.18545803878013592,0.18382726371124272,0.9000734463416629
0.14613421818975103,0.1863462638249354,0.6768808539582468
0.1012086591192305,0.12601642483579947,0.6444291625083485
0.05370708835279815,0.11012288529442617,0.3060861351632622
0.16664586170263587,0.18713962024132044,0.7836173949350382
0.1767869647052822,0.15376755261570973,1.0196362108794077
0.17726494856641584,0.18279829815045115,0.8603195443153403
0.15371641093542038,0.19574944641493536,0.6830998165480281
0.16289244513514134,0.23299386375958964,0.613288448156653
0.08737447004303109,0.11702807054925717,0.5757120469201715
0.13160597940597402,0.1644712961402336,0.67857420732439
0.15518177018950363,0.2118111553400842,0.638218369435999
0.12001483172461254,0.12688986063128993,0.7882019195783541
0.19456632298721488,0.22183460727222384,0.7869210540851104
0.12117787519765327,0.1468599345808872,0.6889413064659016
0.10398863414139593,0.14788491324450453,0.567932402966176
0.1901020432628398,0.21200232677644248,0.8023593224154246
0.09885324300620581,0.13541426770354556,0.5823111873176802
0.14476162764521847,0.21666381620449024,0.575830472437847
0.10758253319053229,0.15205525701302425,0.5759914843524971
0.1911116442024199,0.1813997275642271,0.9432850120562363
0.14385951031728372,0.17305747873373167,0.7157131331368548
0.10421369530239159,0.19099042578393458,0.4409315019678612
0.13768822534389208,0.14080308944222827,0.8358355332265613
0.23205510537095078,0.2727509529312494,0.7774678808341402
0.16138814956890846,0.18204080716787033,0.7766838203399433
0.15123141278141358,0.19503641305684968,0.672855959174977
0.12481294434835435,0.14931300480425333,0.7019679530645186
0.144989194474407,0.1528901048109191,0.8175100319865862
0.19071573512098178,0.21752567933761222,0.7848072725980149
0.14337242149587429,0.2392283537753223,0.5157098627687869
0.12219751744160888,0.16099436170523734,0.6347894196985674
0.22172655230055566,0.25947579910518437,0.7774387938922245
0.10861648476399297,0.1707482259040954,0.5189891976609257
0.14783061104340164,0.1620137009761158,0.7890111161786654
0.14429845377041325,0.18252438347971056,0.680996431275333
0.10323473987243342,0.15013251845722986,0.5544084701153238
0.1566961586070356,0.18991928267858577,0.7197592402366876
0.24298728913370904,0.285717608488785,0.7804464356016816
0.14743420580996672,0.13472448041423218,0.9458875285185712
0.12464639244657072,0.17763767703782382,0.5891002077464045
0.12277029859489219,0.15075796076311315,0.6816906919852528
0.21481326425496985,0.24977534198194384,0.7799539486529973
0.1466017614704434,0.13354093495619604,0.9480371057157208
0.10054656030530003,0.1513459210474654,0.5322017253444106
0.1076623806282151,0.1615577659718753,0.5426070365659535
0.2032769904654924,0.21114141390663138,0.8680295687824613
0.12002741372271418,0.15294869468326164,0.6539932487155835
0.15792807781286042,0.165043053813722,0.8357096807511497
0.14238920323220966,0.17167329549326277,0.7129192859061342
0.1522114676909665,0.16212735430270334,0.8154790920976744
0.16436981533954179,0.21695254477083603,0.6654442126596747
0.1394158004341237,0.1936103513383504,0.6167841729982428
0.22230039478632138,0.25064182981891914,0.8071294202267717
0.20300463756893514,0.2698018429063267,0.6782927633021139
0.15692268992254604,0.21858431572599538,0.6264067459176
0.1450244043017624,0.23212884293072464,0.5385991793319457
0.12160165992723833,0.11353262961685306,0.8949115357419355
0.13121058505705183,0.1713030021040175,0.6492039467558383
0.13684043391748452,0.17011855505252935,0.6868176953502011
0.2649391660826217,0.3267537662560106,0.749613903120898
0.15093849267132703,0.19514777498934954,0.6709709740655418
0.11318152066549617,0.11689001145247478,0.7971726540841513
0.11807738890347577,0.14529783101027324,0.6750093117118949
0.2052185353512573,0.2461128433049221,0.7525756594578868
0.10099508406416552,0.14569477247432314,0.5559230622254472
0.10892362228972723,0.12858373178197013,0.69156199666462
0.0674887903644792,0.10375340366865926,0.4577082648405116
0.11804965962419757,0.1176707000012396,0.8332546642721141
0.11936740706647951,0.17092914327517533,0.5813368344478855
0.068135319667725,0.1145773846643862,0.42011187293827956
0.154546173406282,0.197623059113206,0.6808222381033422
0.09476845236317746,0.15791783017505012,0.4734642838006163
0.15661796130790567,0.15442183850682437,0.884706221794323
0.1114392901561832,0.16315463536154143,0.5604455549396983
0.16226955399840406,0.2055479899114072,0.6921476296592508
0.05867473477655118,0.11440790519700422,0.3380425042304146
0.10703229463774777,0.11828983166963596,0.7357546579389398
0.1146018272405817,0.1567985760748591,0.6033334588154468
0.09866127952649395,0.1483930647998881,0.5300873031537607
0.10942096663363536,0.17564620509542264,0.5090970601104418
0.10182665926138171,0.24873687096901245,0.32896875699451744
0.13637529169116291,0.1620131707659723,0.7183075989498828
0.1478252169834321,0.15170056888526037,0.8426152777325012
0.13920507479756405,0.20339827275780012,0.5860672914342271
0.127946415068355,0.18509042138765663,0.5832090837497751
0.23145307121857267,0.26855797446186047,0.7873647082805296
0.11601142846792938,0.1608952013473364,0.5967327034239037
0.2279446022359862,0.26880587331937356,0.7735865279584986
0.12127693984779027,0.13797697381341165,0.7340133433042865
0.15327511998480134,0.16503876187362287,0.8075382926518542
0.17029765547652082,0.19775017069783202,0.7600380568377865
0.07695023824705977,0.14958722572905325,0.3807159198888647
0.11395790300338231,0.16021613416489286,0.5864447016720661
0.06763193944999132,0.10711361621198837,0.44468612987281686
0.13010270462573312,0.1404349868023771,0.7840119270326263
0.13449985875043316,0.18226081785575365,0.6282198230946795
0.12799735084606653,0.216151905887566,0.49963635713784843
0.1325204850215332,0.18003598534367476,0.624988858792537
0.15457315315290665,0.21062663272764764,0.6389180295490813
0.10786271111404563,0.1320643912870898,0.6653020565024541
0.16372612892220187,0.1407534204255446,1.0211199734093126
0.19329511054807924,0.21294957131282735,0.8137847354175
0.12850114903286514,0.16185592049073716,0.6703563805630115
0.13114203395231427,0.13801321146763457,0.8052999620139856
0.14147852792952192,0.17270175828044262,0.7034006436243596
0.1021276850025865,0.14408992972862614,0.5699751895032696
0.22746251034086087,0.28350742803457457,0.7317709866690344
0.11173850405079967,0.16344540121886023,0.5612792000672933
0.1358215527254959,0.156766885333393,0.7388138922271786
0.17936776266581528,0.20296245018139247,0.7852081137342619
0.11919103089944154,0.14012516951371265,0.7078744756825054
0.11244518290766543,0.15536583779962318,0.5950161516645176
0.16577113321224995,0.18908658818273735,0.7709226477309623
0.12325938392690218,0.1776223230586785,0.5813423794304834
0.1490137221597957,0.1573218912186889,0.8200621106217013
0.13437587367087997,0.15950140640039082,0.7170837941313584
0.11663830183184008,0.17076022104499544,0.5659298239393578
0.06589219549748589,0.27639267191178746,0.16603984172247765
0.10067112586096956,0.13539009163744356,0.595842168989707
0.11911723789164282,0.16776740106634053,0.5908015339192667
0.13162370279264793,0.16080046012660726,0.694175269801842
0.21325575861354015,0.267003637218204,0.7237944794572416
0.0643284582254797,0.14061988199620185,0.31523606474564536
0.21919384690039412,0.2807329650004416,0.7095491863596454
0.15669781082844744,0.20877845487028335,0.6547505628077356
0.12670134928760748,0.22912554781320973,0.46568944539782936
0.09589116217222454,0.16197047848775703,0.46854934850341246
0.17485612980502793,0.18460081567809553,0.83887023595315
0.16216194111277327,0.18594640057432515,0.7645318256964556
0.11191771981304502,0.14745621089509503,0.6233560407871742
0.1392172270884765,0.13065776963763692,0.9124388654353327
0.2415423908445447,0.2797225190120084,0.7920077068769497
0.08711156541447147,0.14578257855117951,0.46035380963515327
0.165104699880485,0.1887022216017526,0.7689612695006943
0.18721128101551276,0.20291666352491505,0.8240391799808092
0.21013540918554557,0.2058142960049739,0.9238202247182606
0.09923745061185596,0.1365633783231451,0.5802247394931836
0.15525526201854561,0.22467674813209318,0.6019993752937247
0.1886195787149923,0.20640621028493308,0.8169307429375391
0.16962594268529488,0.22835980696442673,0.6552201312230186
0.12709284778951216,0.1515630921070373,0.7065892249933826
0.18376390523896402,0.19549958411154902,0.8376688164488518
0.09166018803952812,0.19982157869734438,0.35862086820996814
0.07469057919166239,0.10828697694393777,0.50505223005696
0.3267521332967569,0.45202807821236307,0.6786130067624794
0.2411113627571717,0.26622688807015626,0.830537307332024
0.16210923038843675,0.18071891909754403,0.7863550263474768
0.11191240215749458,0.17244959387649966,0.5329812618945218
0.13299754713078382,0.20975218553747446,0.53871928362146
0.13978833654238593,0.17996692313084817,0.665613071882613
0.10021985854938666,0.11584020287748957,0.6925044721669357
0.1899957364016689,0.21714489426256212,0.7828677573975904
0.05956913147092176,0.13480501964791616,0.29352862062754365
0.15912690905339513,0.21620617841562256,0.6434918283692403
0.13397495720139901,0.17704056807091828,0.6437787589776787
0.08497681166316827,0.1277054530974439,0.5088021700497675
0.14289171989431418,0.2529250455584994,0.4858819719610978
0.11797787898977989,0.15488431178842002,0.6325874961669632
0.11191641962899164,0.2005297193824937,0.45836806590083906
0.15347640830933154,0.14396187811644728,0.9271649554430355
0.061247167066718816,0.10612529778562012,0.38866479460948816
0.20321042236549508,0.262625590734658,0.697610700667021
0.11875058135050366,0.11302545769198533,0.8737021142583358
0.2772613584396793,0.33582803286659585,0.7660508750378014
0.10906717735144461,0.18904156332314845,0.4711512949096427
0.1449805402133255,0.1342627081258727,0.930865628720634
0.1101902648140053,0.1655817465791663,0.5446872416633461
0.09688259436734889,0.23070097962963007,0.333256471172238
0.1487901864829884,0.17497067404542085,0.7360672706190501
0.09852926540634238,0.17932264303143225,0.43792163710512294
0.1292078916256854,0.15300103293013403,0.713772250645875
0.10554041148886041,0.12910928766798976,0.6625426646983861
0.12513976822291076,0.16026478646993422,0.6560378642044055
0.138329597511807,0.24081776594312546,0.4913657306319884
0.11847361873610616,0.14418330031325918,0.6829752025522922
0.1497785700739981,0.17773161328008846,0.7301940700300694
0.22166205667963948,0.2921607454654928,0.690243503994132
0.19154140635617672,0.21026234715109815,0.8158446278206155
0.13225738429678863,0.16104765675743132,0.697044505688585
0.17481785942713332,0.20510195388054975,0.7548336644189084
0.16392240894529053,0.2115395328876091,0.6803570329417172
0.1521583182597791,0.22218518523304615,0.5948115673021159
0.16858917449238353,0.2066371636203037,0.719082530407824
0.1200606438214142,0.1715021148715231,0.5834367925805017
0.19412641851611578,0.21304040711151526,0.8173398693561919
0.11256498276607024,0.14730499579002196,0.6283899759789433
0.20098102122677708,0.25495107618659835,0.7098656884833753
0.24368039501086167,0.2612006404978537,0.8563546957025923
0.15687697247275567,0.20296578957055594,0.6743844505143752
0.12080888277711022,0.13640066277037996,0.739064464421366
0.0660885886413589,0.12772676577672637,0.3608373574723121
0.12301792805970936,0.1748732778881236,0.5891004577933044
0.10506829302894949,0.1095979974866042,0.776184738588377
0.1107033786080937,0.12392439398225512,0.7319251334897117
0.13619583195507948,0.17204257071991175,0.6753900006774968
0.11063916315604512,0.14491049205964818,0.6254837856649893
0.1459323019598278,0.12985782929794207,0.9697705763346186
0.09445454461132279,0.15328361403089893,0.4857306182532611
0.21548100136268444,0.2643773670298364,0.7394014228934483
0.12702236537329856,0.19209457195877164,0.5571337299227188
0.1028253558437473,0.13727508970579613,0.6033531358184221
0.1502467825497232,0.1493087552317589,0.872331849177582
0.17298233492871615,0.2153666590138938,0.7103343462223042
0.1847537960384953,0.2038088109343974,0.8083742566533434
0.16008269896008442,0.18557124032181374,0.7548728925729868
0.13172967900424584,0.1776663977634902,0.6288734415214552
0.12838295793912902,0.14533090352372088,0.7457667661265092
0.1402992656574107,0.14632622067159495,0.8221306140845565
0.24224911112339245,0.31245300878316856,0.7113041157418508
0.1602959190666784,0.206939946831461,0.6779547458806502
0.1672925186428494,0.19455074113263862,0.7570905039237552
0.1512146534518618,0.17711923875230404,0.7408266565291735
0.12572158961655885,0.14803439598266901,0.7141690883038838
0.12035336242867702,0.1289682668822827,0.7781244553768853
0.1533985121361365,0.16840252009284926,0.7921408305682529
0.14796518790275795,0.1757821525425962,0.7279759978576265
0.1836336380543222,0.2128018847626449,0.7689482554951804
0.126211635997344,0.158933064265163,0.6682790424284599
0.12205692939595245,0.1851869647219497,0.551102122923104
0.26223399335514463,0.34717721934151285,0.6977243317248383
0.14311585567730006,0.17549590181043595,0.7015312289758491
0.16730986133010278,0.19731041699761967,0.7465893771431232
0.10448274033889463,0.12464659790841986,0.6777781484334264
0.14198747801342412,0.1522370855960609,0.8012993518353357
0.12606727954630426,0.1901934031552084,0.5576811697288335
0.08549996690586087,0.23480914112709453,0.2789498168233913
0.11514812941323047,0.16443120549370624,0.5786500751335326
0.10539539747128257,0.18920053581943583,0.4513486026951845
0.1929443644894609,0.21132004757910447,0.8184001776959746
0.11536094991344875,0.17099748651501775,0.5576745708778224
0.19652138670662264,0.200335378351258,0.8811293749480379
0.22081683924126716,0.2698195334594013,0.7442635329865149
0.12659750286028346,0.18374650099501777,0.580133511566426
0.12126113328729603,0.14030617763445105,0.7217154297447853
0.16198504473813724,0.17956329318477174,0.7907242188526458
0.17290781968985833,0.20090356304525592,0.761100586630283
0.11868644772091386,0.17482542810389057,0.5644856631626214
0.1349176465867097,0.18272910050638944,0.6288962528039775
0.10843466149414831,0.20281151877843512,0.4360435838496937
0.13459391227985093,0.17388147136542106,0.6590346365256238
0.17361264156267833,0.20349378127846107,0.7548763436287749
0.16827103091850754,0.19978370129064763,0.7421577934568403
0.14149437028535095,0.14483750189900152,0.8388322685244304
0.13157821268285277,0.1923827638359636,0.5799802979127104
0.07011632591117938,0.14748289856377278,0.3398110994510233
0.11737063700148001,0.12953862752647485,0.751672600372268
0.1610412048291093,0.18299904709766437,0.7707209795132831
0.13875227371832952,0.16215911065117236,0.7323194684619527
0.13583353051777688,0.16925714616333223,0.6843641946201677
0.13485984450149197,0.20330196668657105,0.5649716349206323
0.14748381301397795,0.2302509080510547,0.5536734429977159
0.08525343565038099,0.23638347241961954,0.27604906122432027
0.1352819176131673,0.1323431037255044,0.871083678468626
0.167922315181639,0.21365591570037662,0.6923389633127685
0.09780601903379907,0.1514442856502033,0.5137600187405593
0.1502197577536285,0.20727686136250642,0.6282406868651259
0.14043372546963728,0.14982377663568383,0.8038358675371512
0.123919867136777,0.15076128380456252,0.6893007575571736
0.11790629482721693,0.18271181362773764,0.5358509276619302
0.21832826094756322,0.2557919438734447,0.7753499111202965
0.12186383831691061,0.14107674102018394,0.7220455872477014
0.18918518827868488,0.23122557680143516,0.731688901457353
0.24724148862812853,0.29566725425057294,0.7685717148627669
0.17242182367592096,0.19238367625454256,0.7922804400215946
0.17681015677617093,0.18802367609859733,0.8339915484576613
0.08193786903098955,0.11327733525403474,0.5467807738599098
0.08794402647229918,0.20303290514334577,0.3346453936830051
0.13282526138656062,0.22742469279805066,0.49609943405199
0.12029016101240972,0.17040503548291602,0.5885398910202059
0.15755502743203192,0.18355669995296095,0.7493871238003429
0.07055180761693199,0.10874080097061596,0.4648835319007089
0.17443409513254374,0.17968838491361358,0.8594550794520692
0.1410167634278911,0.14239572901379988,0.8498623116439336
0.09924694442518531,0.1662892048133771,0.47656096806838716
0.16192835807502517,0.19360113048735922,0.733096742347236
0.16465739850906302,0.18732323224357966,0.7722341579124713
0.19480351038802987,0.18631564421124747,0.9382116629446051
0.15934549526932304,0.1739424921828571,0.8011009473339962
0.07593435648721028,0.12937159218906505,0.43235424053116084
0.1257601223118077,0.17216561758082388,0.6142929337337529
0.19634801664758236,0.21401812813284987,0.8239863519323741
0.20716681280297497,0.25360393493952005,0.7380280311802373
0.08999670966773377,0.14794612419033185,0.47312296993791736
0.12147911879858281,0.15868947482212714,0.6394823532709359
0.07925143629623975,0.11896540908725017,0.4980560042691424
0.13487009455483637,0.14721977066558914,0.7802626918619828
0.1559035886390842,0.16631124855552645,0.8171641414483759
0.07627137641176049,0.19119005674173856,0.2943216680340883
0.08622251836387393,0.14434124053841896,0.4587913898817271
0.2004080228983825,0.23070989648863677,0.7819691553945464
0.15689283937218088,0.20727364172061122,0.6604449954939365
0.18562184183703703,0.21182250098325917,0.7818897476341596
0.1849946950227061,0.20174886654778437,0.8178221659729968
0.1607199685218293,0.19899617114732526,0.7071491260887044
0.17438379989778813,0.22778227312694238,0.6777691599018792
0.19390468550918197,0.2279029341868776,0.7630647061638192
0.15250241413295526,0.1578533004176094,0.8394022410834174
0.1373620734610959,0.18432692121931052,0.6367060909212473
0.1251182721642713,0.17401553443769338,0.6040740701911823
0.11324450996914785,0.1515459358710249,0.615288753427903
0.1070500376916949,0.13799180761808733,0.6308348241412903
0.17675765237467972,0.26388876677861517,0.5940292733498156
0.13792536159977475,0.15880242511073617,0.7425916922713428
0.16102567748923197,0.2025120528329101,0.6963816499632756
0.1101481290042999,0.18829814399365438,0.4787520848178826
0.12750896639924775,0.17244907043574764,0.6234244471575985
0.09204261057612595,0.14288178703934976,0.5042112929080692
0.1605312858522136,0.19668883948195306,0.7144853069566658
0.16455736790936512,0.182718199627071,0.7911492571862443
0.07274248673487634,0.1577487875453202,0.3343447994471828
0.17496921450486352,0.20132270596882643,0.7697552730533016
0.16748307471146906,0.19608143482703208,0.7521521598491324
0.10995921588946067,0.1806129167247842,0.49807742170810215
0.08267807696761875,0.15851900302988348,0.39539787514183955
0.16211797422751867,0.1900840497962768,0.747658598287621
0.12451229938242611,0.17447372660051164,0.5990145417236685
0.26074591908485506,0.32891738896769007,0.7319343007082664
0.18404112150350405,0.20285015979079882,0.8086812535552407
0.12171143474555758,0.17008239455771124,0.5980127161900083
0.08068591203547597,0.12718033906582196,0.4771642573154965
0.14530271806147646,0.19791907447618806,0.6331007680442232
0.22567496934624098,0.2675661555086102,0.7686882855392466
0.0830807116865488,0.1496187363678928,0.42160970756658195
0.17927345120720772,0.24690611214500396,0.6450769882669775
0.1295560923722299,0.21265888585494114,0.5151728879411147
0.11901823677317594,0.17762649074989,0.5574519676380942
0.14128420079225604,0.1489397576705132,0.8143171621143818
0.15490808948865487,0.13280573386895084,1.0158303076114061
0.210219933705341,0.2675526726670015,0.7109625622842889
0.17154204747228238,0.17283426854619052,0.8768055591462887
0.17243426450815993,0.1779219269978268,0.8567480528131972
0.10377808702358651,0.2073493979006884,0.4040430687129975
0.13219813432227487,0.1960822663292446,0.5721992938100855
0.19490923075337901,0.21443571327992225,0.8156721102004788
0.14637555288981752,0.13906300809562636,0.908764700407715
0.14663604881326162,0.13363730175324012,0.9476100396511579
0.06695396383758748,0.13208946963735466,0.3554709089717549
0.11879904597253545,0.1873048909568176,0.5274771281616623
0.10060518220712056,0.15682246213523515,0.5139900312087374
0.13728361293330155,0.14481473351714716,0.8098872958904715
0.16966058473782317,0.1843970688439413,0.8116212783430073
0.13804662077278831,0.2288475237283847,0.5158308853404762
0.15629815344288758,0.20276421416201137,0.672200240097513
0.2140697965891906,0.20814441864830677,0.9323804973944678
0.051176774699497336,0.11478467158195284,0.2716109587614932
0.08273549533501369,0.16318031635862748,0.3844550417290376
0.08975238712327488,0.18725293256332776,0.3725035766779517
0.07386052847556929,0.12948351211727696,0.4159643772002898
0.14175098345919349,0.16348387200612902,0.7447277946452665
0.1449517362089334,0.1755842723956494,0.7116339892184411
0.14582668865477066,0.16902882269877645,0.7444096612978509
0.10590611320083344,0.14950887524088863,0.5745887196490613
0.17237316254931384,0.19579438429132773,0.7782305049290572
0.025181181949899517,0.1178492369417921,0.04396449297723156
0.16746531101232595,0.13891176426572974,1.0615753949408764
0.12441390518122102,0.17041617500958767,0.6126994997707621
0.12771382877546453,0.14560787620172821,0.7397527632793401
0.13335232758519983,0.15135196032895618,0.7489320081407206
0.10840063428855096,0.18529717670890947,0.4770749120879642
0.14929210861689934,0.17838719809239598,0.7247835607011007
0.18771253902481935,0.2089796973287927,0.8025302992039138
0.23104599194793024,0.26597470537417245,0.7934814389625184
0.12849168121718504,0.18468376881413892,0.5874456749167185
0.13868659324630972,0.18020285054661733,0.6586277236253055
0.20842611482398712,0.2543399545266812,0.740843550022026
0.07506218001052217,0.15290379971602114,0.360109952223462
0.1222550407972581,0.18236709031239293,0.5607099429074417
0.12722177762251569,0.1615158204969774,0.6638469054771153
0.12328109370020009,0.17891308438084397,0.5772696505547377
0.10271596964384465,0.14828804114362354,0.55780607125109
0.19445855822316196,0.25938322631926103,0.6725899769957762
0.10999977010483811,0.18946340785739127,0.47502455024233886
0.12079008606756117,0.1674028736196851,0.6020809791864239
0.2504679659357728,0.3022937990793682,0.7623972659633111
0.0853074953457456,0.1925569428210438,0.3391593904066096
0.11278594912785347,0.11331172040167146,0.8188557088264347
0.09148152181468938,0.14250203857915406,0.5016175384395243
0.13600967567477135,0.17975377522392377,0.64538102485055
0.06574200380820293,0.13429806852338155,0.3406006081184939
0.14640911773858495,0.17903992018065307,0.7060387293014703
0.10885201999394711,0.15314536372096565,0.5801809329065784
0.14130559913905388,0.16608777921030018,0.7303704084420134
0.1720859273337832,0.17327196452043428,0.8777295724366733
0.1799556491927197,0.1984865149056285,0.8058766575088061
0.3330547972598461,0.45990196438092057,0.680698978273017
0.12384995730758892,0.18531946822262949,0.5603834195273594
0.148067870065021,0.18252781912574573,0.7016348010863672
0.1747659237879392,0.18787310375481633,0.8237790332666052
0.11803013095394407,0.22316837462469957,0.4392653355064334
0.1068147934604679,0.11747215321976036,0.7390244503142768
0.1478189438937054,0.16448286879333207,0.777095784086221
0.22794912595888397,0.2775968685977278,0.7491047251697496
0.1702875378527168,0.1835971037152307,0.8185724873188693
0.10380690556133523,0.14989361097030712,0.5591092576850176
0.20339098966047045,0.21676379638268095,0.846040679859227
0.17880556229014616,0.21707872941476644,0.7315574525347469
0.2180755422799935,0.26225055527013114,0.755291221694329
0.17217422300195184,0.21133159307443639,0.7200732308318529
0.1167506201443491,0.18149030121084675,0.5330897546527782
0.10460724356095129,0.14928136018381302,0.5667636164138158
0.12816409660730946,0.18221968370588223,0.5935917262478367
0.13263636115832805,0.1749990684593093,0.6436397756283955
0.2223641645551561,0.23546016981647816,0.8594411730564975
0.11725597701296084,0.1169686874606519,0.831470191932158
0.13635763242242732,0.14717342870010533,0.7906157616231716
0.16119423301597968,0.18177960662627393,0.77673307603897
0.18189573987790178,0.19782598240877022,0.8183745022095968
0.11473573846236922,0.14318430372102547,0.6616349418225933
0.17971665328443492,0.20740838822804983,0.7700587939038568
0.2565091332596981,0.3024824538145996,0.7818937273123998
0.1898953993171128,0.18844415395639996,0.9015689569039178
0.1350693477800375,0.17774495937430973,0.6473845907366361
0.1643678046379001,0.20240420796939063,0.7132648381486847
0.12421151963774896,0.21052271389337524,0.4950131874631334
0.1626064991197518,0.17575364707607202,0.8113999424320736
0.11742278264033686,0.16321937699615477,0.5968824561965581
0.1163441389387672,0.22422829332106622,0.4296698579461367
0.11272271438461724,0.13852308870854968,0.6693664951386141
0.15699749343506098,0.1770160144377469,0.7739271154093256
0.17593814433091867,0.2045725438654925,0.7622633095546234
0.1342136992015744,0.19274161993186353,0.592574137552389
0.123405281380554,0.17481917863995008,0.5914984968183782
0.14307259760988836,0.1753464776216913,0.7018823490450521
0.12729200579111552,0.13278413410858309,0.8080182659727886
0.20338416937619155,0.22600371350033208,0.8114210449728833
0.17503757340616433,0.19613120758542096,0.7904788601204165
0.23660047729428477,0.2623601001540709,0.8255846722389807
0.18905251143870233,0.216679724527005,0.7801953404165103
0.24777900072561476,0.3282597226829845,0.6938987179538668
0.1314845859077954,0.1944537408777264,0.573321888304003
0.17501620472190507,0.2168809714194187,0.7147524455805048
0.15206802577211137,0.18447880820853158,0.715898086368945
0.16404134638407641,0.2217213327291251,0.649650372434169
0.11326093257457644,0.1542241600778576,0.6047102641213616
0.13945145683604726,0.17245944231903743,0.6926350638144286
0.12062684992427089,0.20432509312070593,0.4924840526798397
0.084465147295354,0.14886426420085216,0.43304649132162215
0.14808249981145,0.17322368617990322,0.7394052316750067
0.15244637678555895,0.18950294218975994,0.6989146197684517
0.12803488609335542,0.17680436265244615,0.6110419701900988
0.13314894866331992,0.15911896986316107,0.7110965383990708
0.09185391304476387,0.16269537573255438,0.4416469289384131
0.132151565254881,0.18524523798729603,0.605422122983654
0.09632043659866986,0.11954096264157357,0.6384458926226463
0.19854763421107802,0.24311331754539325,0.734421445989853
0.17548937179157384,0.20010986049879056,0.7770200399120942
0.11823560164801836,0.17249568945226293,0.5694959796384038
0.14016423550959953,0.14784592784717007,0.8127666230605592
0.11999398823032162,0.1506299478256859,0.6638386965787046
0.1137295625227883,0.1507666245256608,0.6216864164577441
0.17987946837166255,0.1864026045227348,0.8577104852210511
0.10016461318025935,0.11192359391614623,0.7162440945232612
0.23346182489424952,0.26038633320576077,0.8197888970062386
0.17108973179151976,0.18394593571139392,0.8213811912026987
0.06601935260210114,0.12146326309917803,0.3788746607649186
0.1010100212147636,0.15394333999799342,0.5262327114366853
0.10746947668113846,0.16321158570602973,0.5359268847414118
0.20319388421879658,0.21469744516950684,0.8532653198279201
0.13901199286808866,0.16919958218550177,0.7033823094055279
0.22541480295758784,0.2698238566838815,0.7612922203474632
0.13295962488654545,0.16587090711089672,0.681009267110499
0.20229979914123533,0.23951275307051098,0.7611277345535228
0.1546094224637403,0.18089460221099146,0.7441317807080547
0.11628603768979988,0.199275973073062,0.4831793627950211
0.16216554468375366,0.19008860106801798,0.7478909512984613
0.10650352926216664,0.17840294820684013,0.48487724071619354
0.13011179297723935,0.18045807994981872,0.6101793447423298
0.1497803719103531,0.22057148925333564,0.5883823532664046
0.12612590315512331,0.13225802030089598,0.8024156335750352
0.1809445045169965,0.21019536847128978,0.7656900610489885
0.11044601311061815,0.15929387042948595,0.567793430260429
0.07222176779759515,0.20616046802213167,0.2533064088309552
0.17455347575307964,0.2164350365771858,0.7140871376338473
0.10850669956597428,0.1345106737798562,0.6579901585418175
0.1480524503691195,0.14578850820790112,0.8783439239704052
0.14819978449215332,0.20631778441740628,0.6213704982057648
0.12311840265971961,0.12141128874136484,0.8493312584745438
0.09729857549569922,0.14598799282907535,0.5294858433063149
0.11570986091036248,0.12775624576487957,0.7491599360747128
0.19483481972399536,0.23873266111228572,0.7323456242200702
0.08285840230852023,0.16112317978469962,0.390126376555593
0.11286120239702346,0.15863916054445618,0.585361155961239
0.12095323661310302,0.2248940602968549,0.44889240951871784
0.22049624338593954,0.2711401723651704,0.7394560593400822
0.10280378251635598,0.17964750582500336,0.4609236411944181
0.12569083509868256,0.1822989643777082,0.5797665140856203
0.12275510576542885,0.14770469048362708,0.6956793682650122
0.2198345930623288,0.2839662978051584,0.7037264443241923
0.10535778172355677,0.15373636819604128,0.5552217912075975
0.15822917125738467,0.19242318181916665,0.7183602825323208
0.11326471089773424,0.12214750048963385,0.7635417059201242
0.12417863271849702,0.15593027160430806,0.6681103780981213
0.15306016753090695,0.1888669843491171,0.7045178806103438
0.1261723740093265,0.15128371627213516,0.7018096634957023
0.16605376175638958,0.24676589638490584,0.5918717452292301
0.1394948179665679,0.14327010345404237,0.834052709432844
0.14842012510586156,0.18094933068476962,0.7097021283244271
0.1218432314641776,0.1502775558995118,0.6777008772506157
0.17190903269727878,0.193731182851553,0.7841227749777353
0.22368459688813006,0.2556908295454121,0.7966050141503199
0.07377692527499757,0.11483903504056468,0.4682808877312658
0.13592359039280555,0.21774600063499222,0.5323798832343577
0.24346787464459252,0.27960108245648024,0.799238231416272
0.1660973255134846,0.18468062232482912,0.7910809681836488
0.13146528086132184,0.17117306774654478,0.6511846888575251
0.1483026784759943,0.21172241514225446,0.6059947804288405
0.13629928514420314,0.17888384202051688,0.6501385694235274
0.20358732497350013,0.2523177795814858,0.7276036008164488
0.2196911962566176,0.24647381604814675,0.8101923338485962
0.18704444158887618,0.20650950891270387,0.808894672542607
0.12503997434181408,0.16447226201617132,0.6386485663551358
0.1974155796675832,0.23409324762749426,0.7578842254771032
0.1311618132127165,0.12617990079148558,0.880978765361476
0.10614963676615456,0.16327310081645469,0.5276413342758808
0.15105750254731456,0.1631372178699459,0.8033574696106103
0.13143299213228554,0.16290260007998336,0.6840467376062332
0.15249177697200375,0.2040289155375707,0.6493774503624522
0.11229103949777715,0.1744517595463202,0.5290347299321573
0.11863958440169776,0.13332639219041825,0.7398353977869557
0.24750572233356755,0.2929012783715529,0.776731749340372
0.09158963863102332,0.1547221749864256,0.46269798519381056
0.14421115653848007,0.19791185673589326,0.6276084646319886
0.15069851472976614,0.22129971112311492,0.5905950534976302
0.20899879617590925,0.24609352044739558,0.7679958246454898
0.2321373659385533,0.25905508906360014,0.8188890120065229
0.12679499170783254,0.14623497067885272,0.7302972142167382
0.16705094449284663,0.2105427369636522,0.6984375078121707
0.20301519870234494,0.24835043439912483,0.7369232075037188
0.13378380336791776,0.14637417297534455,0.7773489069487938
0.29692609102257705,0.3893444881837932,0.7112623895470477
0.20271202391685889,0.27180519340653464,0.6722168242149056
0.18983543632581426,0.280934453704716,0.6045375854978776
0.23848082541060994,0.30148148906715216,0.7246906803022504
0.16329727393970273,0.19622068799399245,0.730286268000905
0.12803172828755596,0.1771516417218634,0.6098262891470742
0.1266211413862641,0.17941334817466914,0.5942765266409404
0.07059919307579322,0.12110077855778523,0.4178271492420586
0.12472703512077166,0.14019333633332712,0.7470186376888134
0.13481473776142233,0.15295854696616898,0.750626493508838
0.12967545217912282,0.1547572688025452,0.7086933817568061
0.08529422444603851,0.1962477384916392,0.3327132579865131
0.15462265584730928,0.15484739998449246,0.8693891912992493
0.09240957164951627,0.17194644039105897,0.42111701460544737
0.19052251257755656,0.23950054399931633,0.7119921722517814
0.16594766426981128,0.19587138645267085,0.7451198815355156
0.23341732214413266,0.2824879589901461,0.7554917487707049
0.09638991471552759,0.12738176633820741,0.5996926947355014
0.21444993793307288,0.27250025852744936,0.7135770768947203
0.18903806025605693,0.2216443892226406,0.7626543620116597
0.13282840454468428,0.18885901765750723,0.5974213248810643
0.18410417525042722,0.24692165442689645,0.6646001770533733
0.18972021017203383,0.22256385381411403,0.7625686168868403
0.15085201268929396,0.2332305413182643,0.5610414997525324
0.19621112839290664,0.20975224823248745,0.84009172668126
0.10466771365536666,0.15276415915751582,0.5542380760140564
0.21394464091034715,0.2847173898464229,0.6811829829395432
0.12624402810224794,0.14650938635057834,0.7251687468543447
0.2200087811222046,0.26979748573373535,0.7413292995606133
0.13473158941439733,0.14607055968784524,0.7854532060367283
0.19367191444383416,0.1841598806173957,0.9430496689159408
0.1993580280706964,0.26996402348845017,0.6643775187265643
0.17665825653393014,0.19979212135081786,0.7841062774384965
0.0950901650097642,0.15230746189168565,0.4930169807646391
0.19103838493359176,0.17879430052938314,0.9566210132379653
0.13930020138130306,0.15235395846798763,0.7830462862989557
0.14734876054826535,0.18952758827033478,0.6719272993999166
0.16684857586711913,0.18169892563698006,0.808197271130325
0.17867848806343312,0.19510284146093973,0.813306904580378
0.11467470836229075,0.12258975085259945,0.7722889369122429
0.1413257962525495,0.18092282156787254,0.6705942080780262
0.20015734422837947,0.25830801951314974,0.6974516105536869
0.10512703899099554,0.18037390283591442,0.4719476468191484
0.11181810559072107,0.11646782759010182,0.7883559562376894
0.2117910121982446,0.23614999200928324,0.812157606131552
0.12875230574509616,0.21578698129826193,0.5039799208033692
0.10946231355925679,0.15805734873371685,0.5660117310329946
0.11255054103631752,0.22709208618248888,0.4075463068402342
0.17981318508375355,0.19841265461649396,0.8054586306133135
0.1465960562248705,0.15553515182404276,0.8139385517692419
0.10653110069972005,0.18070850324746757,0.47884354717509775
0.10942524797639956,0.15006276769248392,0.595918956790496
0.15098859856752386,0.14202161061589574,0.9223145548024294
0.18204422941179382,0.24870249217065332,0.6515585268064109
0.07467948894795681,0.11890674100902571,0.4598518846278557
0.21625183443010532,0.28288683049323937,0.6937468035819203
0.08210583433571553,0.12032171849089023,0.5161647881584875
0.2649680464567004,0.33773260658483895,0.7253313469902234
0.1379201559500192,0.17718701806478745,0.6655123904557293
0.16754534891860298,0.18610940362783054,0.7927882527293171
0.13185082741593895,0.14621059867449354,0.7649980810553328
0.11304054288700653,0.20984756067294427,0.443372048684492
0.13780426543557872,0.15994597991250545,0.7365253287392448
0.22420873741339606,0.2255951332257798,0.9052001011432289
0.14256784550426002,0.15612566658264274,0.7850589091921065
0.1573346174269839,0.20540890345837307,0.668591356629365
0.11578535825598528,0.16766917975965742,0.571275880238021
0.12833768070996618,0.19430409572966867,0.5575676637341407
0.2112736941018488,0.24183917827086931,0.7909127688468028
0.10966484691517137,0.16721855722260984,0.5362134945094937
0.12351988197031559,0.154695361154712,0.6691854312734341
0.08679145611319845,0.17184638808268285,0.3886695371279037
0.17258632790809672,0.22175754448525353,0.6880772794552811
0.15310765322357753,0.18563301713229685,0.7170472972957954
0.18006278837490078,0.23136807281057653,0.6918101811996588
0.13700931333229746,0.18158707401033364,0.6443702778405844
0.23515166655985653,0.2833066152809039,0.759430436689696
0.13791702324111837,0.15286818737241026,0.7713640442000825
0.12383791212379612,0.17179031258568953,0.6044456789261703
0.10674065688251981,0.14561035695736077,0.5957038956227555
0.15330545484959254,0.16320871256145192,0.8167790356130645
0.25227517726060716,0.3129335131143605,0.7422508856560945
0.18546629583761812,0.21082951799823405,0.7848345782349325
0.16365810165829592,0.1858015984853,0.7731801170142337
0.08669185060144022,0.1374073426062067,0.48535871036070627
0.12814097528800916,0.18596540698461883,0.5815112447066754
0.18009312949608247,0.18363886443609698,0.8717823974118072
0.11458981173428774,0.1635057896752888,0.578510473067263
0.1889776941117989,0.20343681150954177,0.8306151323251219
0.23839373406122533,0.28522759801382147,0.7656823378312868
0.18952770925029017,0.21022441804737,0.8064130267307502
0.12835739853732175,0.18002393469613898,0.6019055117321892
0.1840674840903622,0.23263798389722176,0.7052480482415389
0.17697441814992762,0.2373102168143172,0.6614734934600472
0.10515408890635809,0.19229304426094174,0.44283499298499823
0.16670821422268972,0.2514291634701495,0.5834972053276049
0.08031598415603618,0.12137671099653269,0.4969321022198335
0.17089732678558056,0.1772974962306543,0.8510967723383496
0.10885899922902795,0.13861001093993644,0.6410720165625916
0.1428141582162391,0.19187932537214772,0.6400593601110618
0.1551238142776815,0.18276681919020432,0.739323553784995
0.17219133364447572,0.22718562946555113,0.6698985935092034
0.12316080918485368,0.16371140649009727,0.630138188881138
0.13568291416586434,0.17455018214167897,0.6627487450684341
0.19986321321718797,0.19204793803781142,0.9365537326507278
0.06909754947908284,0.18086564432081015,0.2714586822912379
0.250434785376538,0.32846332836813064,0.701554071565257
0.16477595287633376,0.17472288815832665,0.8286032494217003
0.18833012529870713,0.21542278290783592,0.78139425657092
0.21570782000474362,0.2586080704917694,0.7567738301151445
0.13349180234313404,0.18554673646480083,0.6116615387879054
0.20448141644528375,0.2336957762318739,0.7894084327062914
0.19431902333985346,0.23908928617002517,0.7290959211609709
0.12559095747877658,0.13221568103118456,0.7986265823784681
0.12305055141050696,0.1728359923809438,0.5962331687451745
0.23654945589308005,0.29672450481330803,0.7297997043733473
0.15016084438703933,0.19750015128218223,0.6590417452443845
0.1499799027666556,0.18245638502748132,0.7123888963769518
0.1587714658292867,0.18155608372502274,0.7643448954289197
0.10354770666942799,0.2425576090915473,0.34444479801041816
0.22938177904390541,0.25905501903237294,0.8082521613593595
0.12167376218544865,0.21454465374338041,0.47390489770517386
0.231924271630555,0.2675243702466788,0.7921680983124788
0.08023026241807413,0.19330373637573053,0.3115835397045956
0.1505537249954256,0.21152252009487787,0.6172095762515787
0.13395878742344003,0.1551545593861531,0.7344855856914662
0.132659327648609,0.18821972121760452,0.5985521969738831
0.14129122003292716,0.24211375092108228,0.5009679110397262
0.19720785592357484,0.2162777811035595,0.81935303302711
0.10861027514175062,0.1583265983834924,0.5596676493176612
0.07507306111771417,0.1900840413356982,0.28973006219103004
0.1294365472974269,0.15233717659804608,0.7183837178903746
0.21372599837600778,0.24932354276279653,0.7770064400228598
0.1275358452312778,0.17465529329511967,0.6157033274083005
0.14850867398689183,0.17916344827492425,0.7172705996911645
0.18760679228452226,0.2159892066583176,0.7759961475744781
0.12822391682619794,0.15968239705506487,0.6777448160981576
0.15759552332667023,0.18765480718154087,0.7332374021921948
0.1386152023918757,0.16166545274441488,0.7337077920995309
0.10920723582778577,0.1435576200498659,0.6214036969740715
0.15165702999659894,0.18994681610513864,0.6931257532830909
0.1468825308254666,0.1400049301692077,0.9062718767983272
0.14754254601338565,0.20779689617919708,0.6137846539507368
0.16577305852617985,0.22766200850335883,0.6403047196345418
0.17993720603702468,0.18878775755045743,0.8471799660752799
0.2091390634827735,0.21065729683746925,0.8978519439974684
0.22390148730357726,0.2412803454359076,0.845081214282912
0.09863182481983163,0.14042388608320172,0.5599604669339655
0.1146784767280892,0.19268282608353718,0.49136956651778385
0.10504864376773858,0.1777035246826649,0.4785985191887144
0.1340739260009614,0.17176255255818115,0.6641373471806151
0.16031324940936836,0.16351382810588572,0.8581124363286665
0.0954001594723505,0.13281402243094753,0.5677123400998749
0.16573161518560248,0.20457222652273518,0.7123724352162074
0.1388374597970853,0.15002539957018932,0.7921156026749141
0.11090209304718998,0.13695736651296755,0.6637254742962883
0.14002773386649628,0.15736065021369441,0.7627557061025081
0.15954017529652997,0.19880813828148738,0.701883617555729
0.13769166690091916,0.14138570940904907,0.8324155771671403
0.12387388159131621,0.2010772906736362,0.5165868370482047
0.11250207670159272,0.1449531615862761,0.6381514945193899
0.16606321428450543,0.17225354603856458,0.8479547599664765
0.09504813041480882,0.14857482017190848,0.5051201161002543
0.20497392806294423,0.23733173688772172,0.7793897709957467
0.12599042402774824,0.1842054772693154,0.5753923585713263
0.16522145678406308,0.1859939427436496,0.7807859473371016
0.24766042489487755,0.33392585786021034,0.6817693794476434
0.20523395151778598,0.18887905934728844,0.9807013660376175
0.16555703144157366,0.22044085653839537,0.6602997000069323
0.09167121536058698,0.12053507350341996,0.5946087995586897
0.15577291742799285,0.1755756375359217,0.7733015772203279
0.16568861670038565,0.20615519749881606,0.7066938814444508
0.10845128678124005,0.14204009750832566,0.6227205439369364
0.20231666571679469,0.2239155105698599,0.8142207980715713
0.10960322066821658,0.20653478839128653,0.4338408137735155
0.10184640609928665,0.1841300361648153,0.4445032858518841
0.16264551423336357,0.23002156318063394,0.6201397480346018
0.10345238969333845,0.15210170486974303,0.5486617639480469
0.108538537289777,0.202619280882143,0.43696995125195887
0.146352234303428,0.16216902104265765,0.7791391567332195
0.16868411103303058,0.1950785868365138,0.7621754567949365
0.1709615693715915,0.1824197286945147,0.8275506736686143
0.14233686119291036,0.17605813602509898,0.6948662751687313
0.12029065262744486,0.13440988971783072,0.7461553077529263
0.14871768259096596,0.1702719681337413,0.7559534549448784
0.1650793920184943,0.17954700270155843,0.8080301527486042
0.1241422833193832,0.20277041520796818,0.5135970314632505
0.12734756267014802,0.17877744434469164,0.6004536146247659
0.21504507106509219,0.23689338672581323,0.823345361222948
0.13638265595697677,0.20008388725169488,0.5816693065872595
0.15982960649246394,0.19174950211040487,0.7292306105282784
0.2231926850041584,0.2617429671823437,0.7763061876753459
0.11744218070800592,0.19249639094874563,0.5062026369832098
0.17363118381060041,0.19170668318044123,0.8013866875261579
0.12558018901298096,0.15496535310536547,0.6813148029365886
0.1982842289224878,0.22580924504938357,0.789534675090463
0.13115079144536945,0.12213803082337261,0.9100424388379723
0.11326489821453564,0.16507495643946188,0.564985145089157
0.18937367916731265,0.2188561192172461,0.7739042425365543
0.14302672337771832,0.1934705372613572,0.6358938426450064
0.10880738208783991,0.17184734582237268,0.5167806442564103
0.24273928670360512,0.2847557819497059,0.7822116382625226
0.12981038232771247,0.23667686146170305,0.46396754481840635
0.09063716335024745,0.16809546810475437,0.42022051008672945
0.14141182187413182,0.1693035014127863,0.7171252860158652
0.21795159335488412,0.27194830780929613,0.7279015447807007
0.1023631797638041,0.1598940091575663,0.515111105148661
0.1777628598757699,0.22835685622496338,0.6908610605514356
0.15187509566268295,0.2019146920001712,0.6531228329960811
0.16421443661397256,0.19243917553763965,0.7494026941814939
0.13440090373076777,0.18521024758382135,0.6176812850433283
0.0908028773684167,0.13123210955998452,0.5395240357395429
0.07561306058005333,0.11357020586312651,0.48968001913351766
0.21014223140849034,0.26975140767278566,0.7048794779196742
0.07619788730012304,0.16474243597936403,0.34112575163792347
0.15981652361616597,0.1735656243698961,0.8055542341621439
0.08512518982604543,0.12826532038157631,0.5077380981258581
0.15731866545055956,0.17666756909916861,0.7772714944273594
0.11357001406242317,0.1720776824916465,0.5437661218325945
0.12930214380423727,0.1250369043223124,0.8741590684497831
0.1321838804163774,0.17753379401980834,0.6319015544942417
0.23716958382537898,0.3360244251261696,0.6462910657278461
0.2210959743238122,0.2613722182629068,0.7693854215276068
0.09122076870429807,0.17774765412943885,0.40068471819287077
0.2081297438856041,0.2821887023199276,0.6666806372436362
0.1282417228682602,0.16724322997749413,0.6472113871684148
0.20382603915610198,0.2069578749456233,0.8882292553709347
0.12487295426245663,0.14134567806426934,0.7419608133668671
0.17972677812899773,0.2542173686104401,0.6283078886469056
0.07944511753071498,0.1076054917261298,0.5524357221656554
0.14651190024758204,0.17063786480980803,0.7414057858060489
0.1457400647704656,0.12117329352165704,1.0376879353204373
0.22929356953064148,0.2655854389323263,0.788046100614618
0.09143292850985352,0.12390463645839883,0.5765153795018577
0.13223702294291984,0.15136415517064544,0.7415033157380336
0.08897149130421879,0.15922057529923928,0.43318202546746054
0.07690672469930755,0.2106679536720657,0.2701252075001918
0.11310972379231216,0.14726781809605494,0.632247594865442
0.19505449433979558,0.2494298681658035,0.7018184936193432
0.19196198088916236,0.16346666422882855,1.0519697193333661
0.20641439288785235,0.2554818666642813,0.729658019654335
0.14164228475890306,0.17397264156769043,0.6992035279959445
0.13441054222561633,0.11987228532518142,0.9544369819533444
0.09636806918374642,0.1243552242565058,0.6141122710391568
0.09515642066598241,0.2025889505037961,0.37097986084178924
0.13898724795214099,0.16954052874035502,0.7018218524867614
0.11749304895744245,0.19231233729960318,0.5069516096908444
0.16270349619099517,0.20178624612009763,0.7072013030365903
0.10804670376579814,0.14659237895061547,0.6006226544386704
0.10796735435734163,0.14161963307950864,0.6211522544190935
0.13547157237384364,0.16492903390412667,0.7001288350537924
0.08993459537938575,0.14335680212884505,0.4878359055228541
0.0914402788423265,0.20419183721163556,0.3498684365540132
0.18515481949005475,0.25630849063815425,0.6443595336184689
0.1325891169128065,0.22325907126377595,0.504298061778573
0.1024913874391627,0.15720693923082102,0.524731209975685
0.16042323931975386,0.20014768362847093,0.701598123815502
0.2339308627245722,0.29034393787048646,0.7368187684359375
0.28935197466003326,0.3893632837024373,0.6917754856050573
0.06930662253739524,0.20100035668594501,0.24530614447831478
0.0811473382243273,0.15250587551074823,0.400950704486253
0.15184644630526323,0.1839598169777798,0.7167132935405602
0.06918174193717742,0.11560288441023536,0.42543697925951507
0.14174049230882593,0.16957666295463542,0.7179082910800854
0.1249469770577776,0.13916402793119065,0.7541243137175392
0.16009054607548065,0.15485271392846925,0.9046696213551179
0.10098723560078761,0.11623878793297006,0.6967315905555509
0.11087755835399161,0.13750666074098541,0.6608956821747947
0.1068223038420329,0.1627020978047243,0.5336274394337396
0.19637065396111725,0.19831156453140092,0.8893614166065968
0.07535633400444638,0.1489413909928682,0.37166521431975225
0.11714617554067158,0.1646328400413239,0.5900777482565889
0.10039042979184896,0.15306010730538905,0.5252213081979102
0.06987178588105446,0.13173218093596248,0.3785846823966125
0.04426054747540637,0.12211908039267592,0.1986630377283892
0.13617230338364278,0.19890422349287598,0.5840615213874714
0.14938550087018518,0.18491576717535882,0.6996996678357161
0.08747419652763327,0.12050320159504332,0.5599369612965428
0.1354119056059365,0.17891728913307736,0.6450573120415096
0.18533973361181635,0.17553873253291888,0.941898868848276
0.1485043489994936,0.19226383374301292,0.6683750474426582
0.0987773821225174,0.13236982729865274,0.5951309579393792
0.16019982568200208,0.1882002040293787,0.744950444687703
0.23635868315631745,0.2854648263736118,0.7579171343272626
0.12490387354255274,0.17524791551765406,0.5986026894110759
0.1361096793185646,0.18905169687220394,0.6141689349503854
0.1529976774505208,0.1704898043885375,0.7800916771974584
0.14100059867280623,0.1682675104707076,0.7190966237886446
0.10752284161564024,0.2034218711517141,0.43025285884999465
0.12283563316378263,0.13304113683589616,0.7729611728335464
0.1508582469740784,0.16943731273384832,0.7723106844808746
0.1434189115959385,0.17316255997894248,0.7127343902223836
0.08081078204508753,0.14406219095861214,0.4221147938986847
0.11629061710929925,0.17198891365634075,0.5598652556274768
0.14622107968564074,0.18139365107052555,0.6958406699502742
0.13247908933194882,0.14749366524911417,0.7626028490238794
0.12316866958405169,0.15155653725981888,0.6807272813787365
0.12755400645860715,0.13471427899370525,0.7983860898935056
0.08039684585552646,0.16640602395138845,0.36294867470164394
0.11593577068295623,0.15000434849890107,0.6395532639086062
0.07874204709011823,0.15001640642615782,0.39157081874929905
0.12846343138284047,0.1884112827469259,0.5756737590313452
0.0890713458868026,0.1306997214680763,0.5284735507540728
0.227342479806653,0.24171717232321296,0.8577896134305439
0.11289889752127888,0.16401469895038656,0.5664059265162583
0.24716711130947988,0.2998993998486654,0.7574777122732238
0.21894225281898225,0.2560600560406295,0.7769359106420556
0.11018249692117116,0.14729384149867458,0.6122625087620018
0.12199315274141469,0.1686187029453481,0.6048744947022409
0.1338989871293763,0.19737127359559134,0.5770798609870269
0.20033890699133422,0.21877119692594882,0.8243265545252586
0.11830254853988241,0.17658713301290807,0.5566801321401867
0.08126677326333524,0.11357347312824628,0.5394461538932888
0.17570823287492174,0.24647101673154578,0.6317506818439341
0.09536877585305452,0.21196908447957263,0.3555649449451567
0.14003579154677206,0.17320551237309456,0.6930252386437223
0.16036416479808713,0.2333167432446564,0.6016034805136166
0.25013591577571237,0.315689048973581,0.7289955623230114
0.10694340216594438,0.15043656387128068,0.5779406277873809
0.09583786368271573,0.18792431097344528,0.4035553638051227
0.16867897325506737,0.19168103741577663,0.7756582250364538
0.07106461550270948,0.15260051429265278,0.33462938011322335
0.1733004236167319,0.17269447978575048,0.8876973010771428
0.10400488476444301,0.17921923302645493,0.46872695159923417
0.0867137667117197,0.1904226462398429,0.35034575996644723
0.25675308806031655,0.31758964041495524,0.7454685478751149
0.19018385311441796,0.20365086631100704,0.8356647639029453
0.10359191437907192,0.21899578159441127,0.38170559163503615
0.0785443182302397,0.18231872665929108,0.32110973624582545
0.15010337259941461,0.14723705872372794,0.883631972325238
0.21288300609960212,0.25857970867821695,0.7459324905483228
0.1449462840299891,0.19592157167422583,0.6377362276255475
0.12460556504204938,0.15157763365428728,0.69011213937163
0.131087666963963,0.18586099384144805,0.5976922035547075
0.12324088726947953,0.16416093249140784,0.6289004679897462
0.12169754579574038,0.16182057165940253,0.6284586981301229
0.09291665859707414,0.13537212113336128,0.5386386649378168
0.12975535601535385,0.19631939816181848,0.5590652632547638
0.15015100593331313,0.1691251685714026,0.7695543308704225
0.11854122334149131,0.17135722152669677,0.5750631485708291
0.09620745074287175,0.11865548880295756,0.642258116431713
0.1327086258300145,0.17914144242986957,0.6291599771735552
0.12454089665888907,0.13521395354312682,0.7731516897443982
0.15001961557574753,0.1447806108979663,0.8980457726302763
0.1808742121206371,0.21014062912719236,0.7655550132728705
0.1285038852051298,0.18660600462636182,0.581459773614388
0.17386375958217679,0.22695975853536893,0.6779340997501061
0.16341617159750052,0.2041664569676212,0.7024472762450148
0.19717392942289308,0.2603089696460008,0.6806293677234224
0.11978072132847241,0.1763854943563858,0.5656968657913902
0.12311880981346221,0.21287475902663697,0.48441069427380523
0.1466584948195006,0.18206239582892333,0.6956872902986319
0.13696003022553277,0.12958249725423307,0.9025912658255398
0.14403640584689933,0.16515888204767534,0.7510126268055904
0.10837637817159373,0.1630411473558023,0.542049535377295
0.12847662295611964,0.15641530265373657,0.6935166899638913
0.1874351122794003,0.19836547392602663,0.8440738651013396
0.2030895574113767,0.2688187870122083,0.6810891435317047
0.14741686645015242,0.19424164820485051,0.6559708879517767
0.1334794360856586,0.17124330354304038,0.6626795543986724
0.12562966732177136,0.14030792611353796,0.7528417691549032
0.08676826540072875,0.13575633599759693,0.49182430352208856
0.14248859108177664,0.13369411931322442,0.9161853319427238
0.25025432524531477,0.28753292191254537,0.8007929099518831
0.1739455518627386,0.2207214036010147,0.697465444452397
0.1024326844080082,0.1567385039737575,0.5259249151810828
0.055300348248944725,0.12032073963132829,0.29338539936762037
0.10545182372877476,0.12041887828851962,0.709621489115976
0.11332753013911845,0.14878528278276143,0.6272631835191939
0.11397762048418299,0.17768725620320164,0.528893419214662
0.12834489010238193,0.16123501220101064,0.6719687530851491
0.13484705416663903,0.16844879000047183,0.6817920993455479
0.06723222761643757,0.126165229637857,0.37436802320268686
0.16758994771028238,0.2160487143316645,0.6831327284998859
0.11491060098940986,0.18458882843718027,0.5141730504113908
0.1041887975043259,0.14745754296060926,0.5709358491536475
0.1556432055623857,0.16758457608253827,0.8094014898816172
0.1312536717919872,0.21366272035563294,0.5206976285184891
0.13825074256403544,0.1471926563369971,0.8033739284743986
0.12325695513708296,0.14000486029729242,0.737524075362974
0.12943154222458578,0.16843693116856212,0.6496885300948216
0.09686661123437265,0.14577682035706574,0.5272896681797256
0.10950141789033747,0.16596151314510801,0.5392902016510427
0.10732716458871476,0.14149626536154822,0.6171693957121643
0.1394826944697608,0.17138084300656248,0.6971764893535131
0.2026476036872762,0.25162377110867645,0.7258757902026299
0.15472790695684938,0.17352446706586797,0.776420231884119
0.20000565339877835,0.22320480439122056,0.8064595826677404
0.13142429408522235,0.17206666417775277,0.6475646785952446
0.18442246293498732,0.26581830809353885,0.6185520633030615
0.1660315113934541,0.1934429416772381,0.7549074167674179
0.05060032105433279,0.2298150870942353,0.1331519241893165
0.12447180808950338,0.1250832288756558,0.835218350442152
0.11671676537542182,0.1412877741770682,0.6845373985028033
0.09374761108672196,0.15174493662527813,0.48599717873180653
0.13363035644464566,0.224878482073115,0.505296706901912
0.10461854201709386,0.14093458716771695,0.600410046374173
0.17489551445088541,0.1960614666089023,0.7900354778017982
0.2073382081443989,0.2873368905342626,0.6519810519146004
0.11650954220884899,0.15539517687214363,0.6210588008677728
0.09868592043735876,0.12008858465767404,0.6552323075641351
0.17524530715582728,0.17232430570574758,0.9008903678446641
0.10173101921706573,0.1356221110421158,0.6026378633177679
0.07144226730475377,0.13072484623298355,0.39351560768387595
0.17334817511299505,0.14096984665202741,1.0878083416769442
0.1760068580745174,0.23116267974635515,0.6748790862162397
0.12032313987417784,0.12708895280906335,0.7893930798603864
0.14257669833913625,0.16879831381160543,0.7261725284527617
0.1014914008736371,0.1610822074690977,0.5058994544091442
0.12862867301854067,0.1628099258954607,0.6672116114609038
0.11284931066810526,0.12704203430469127,0.7308550368881854
0.1532676442253233,0.19428752809296232,0.6859300004144253
0.14807984745592906,0.1558359248972016,0.821889096114506
0.13138172680032745,0.20090186006082267,0.5544086389573836
0.12402309389553168,0.15758300782931706,0.6601161846599746
0.14009206147651854,0.1716442937885946,0.6996565911152847
0.1941389837125441,0.26055193084844314,0.6683465485958598
0.15902241192565883,0.19432593502870057,0.715408429168892
0.1435361790064234,0.15944780962053723,0.7747750144728967
0.1455887546172568,0.23983734816694152,0.5236413576831216
0.26152485954644344,0.3693255138047932,0.6539620213568599
0.12196739823846225,0.17275272642543094,0.5902505873473244
0.181913620070916,0.1939102112660464,0.8349927474874914
0.09977190432355049,0.14251774284453425,0.5597331443185275
0.15027398780551418,0.20807001536760283,0.626106493890317
0.20530528385200275,0.2269286470842011,0.8165795118112429
0.08647089025572044,0.15774652180564327,0.42137785033142
0.12657540299569084,0.1398997986975622,0.7617981154217912
0.15426314350417597,0.18534122060724045,0.7244105928745077
0.08807406600395461,0.13451921202594008,0.5060545997758856
0.12525763135714396,0.16673200361843463,0.6312983055012373
0.21551189966885223,0.2728054884205224,0.7166714306256033
0.09503635481080597,0.14711756653992225,0.510043474586999
0.06553508368814348,0.16802347654684807,0.2710042943043584
0.07390787260393117,0.1637943464998033,0.32911925079169874
0.13493102359676298,0.1445209914430256,0.7952548792337351
0.13810406932369568,0.1765076784909524,0.669115759344994
0.23086930572517755,0.282201300208336,0.7472300998241419
0.10169694367286587,0.12961654178604987,0.6302972024027461
0.1089728908692612,0.11588640694663749,0.7677595087595629
0.09988497529147876,0.11986923819082772,0.6664343287500052
0.12101646851293613,0.16366096150777734,0.6172300809080589
0.1845086289864887,0.258102896129412,0.637376145147959
0.11658180116481372,0.13845637734678237,0.6975612320327562
0.09654079067939068,0.1400114296870835,0.5466753025124763
0.13059994720055104,0.15056823651893161,0.7345503258693264
0.1610406496478799,0.16222537510064172,0.8694117647154819
0.09416801394431305,0.1472574155705999,0.5036623361677466
0.1099452066526824,0.13678633606664575,0.6575598794375106
0.0999003574163583,0.20031158662412626,0.39888035816064377
0.08082667733722967,0.12888286331847232,0.4719531811372443
0.11586868950970053,0.15930751250843234,0.6017838581506072
0.20032582094538767,0.21307742283435643,0.8462924816092345
0.08378307743351661,0.19565857996346267,0.325991722138776
0.10368777053244588,0.16661481101331277,0.5022829004425009
0.1429452475891168,0.1656284847487541,0.7422953109521919
0.14093237320553048,0.16581119239586065,0.7293378176595844
0.1437062825430148,0.15265851355069465,0.8103464370621856
0.1938656150318369,0.19300138389932636,0.9008516494499798
0.13494695231807777,0.22427948484306626,0.5125165701112115
0.0996459881813217,0.2017239889855316,0.3948265577230589
0.1307686264425148,0.17212588052995875,0.6435326640100201
0.07461119279648526,0.2135045486150905,0.25578468070457466
0.18281200897402872,0.1790427771562315,0.9093469815426293
0.14633549262979348,0.16689772405272515,0.756963543672306
0.11642429363553915,0.15784454866143746,0.6108813668463184
0.1546326974351702,0.16869066468920035,0.7981040188751444
0.14570375555578594,0.18935208245860038,0.6638625460233298
0.08035093994892795,0.22878667330306177,0.26378695523486284
0.09007741294455626,0.13744216612754284,0.5098683680489013
0.12302611487434373,0.21675731475036014,0.4753062889388491
0.1675644692659017,0.14695397735978874,1.0041543067910188
0.15303192096789955,0.13471581296895796,0.9875004131738684
0.0897546810114096,0.12468289743936006,0.5594566892811824
0.15804889323243126,0.218119101852393,0.6329060227189668
0.08567976512072804,0.12309996040916892,0.5335482229435061
0.148559943896684,0.18123318916187295,0.7093620351284415
0.16300156934175605,0.1752325107325607,0.8160675707032733
0.13790713940041696,0.16510344376397085,0.7141410058591816
0.11178509172714082,0.1612100974299825,0.569350761462106
0.12004597134069388,0.14812776787733967,0.6754032196282
0.1414738466359484,0.22520880711336433,0.539383198165965
0.07500395565274023,0.11309428206432695,0.4863548770879018
0.13294413156727244,0.1389632734194973,0.812762457216453
0.12800216402014503,0.15333257823174565,0.704365407962497
0.09703279081411394,0.1839660105113463,0.41873382262297226
0.1647582408586969,0.19922353172282917,0.726612160756655
0.16257028306617718,0.18000368896254829,0.7920408958720867
0.13040980298662397,0.18217185685886075,0.6060749716799831
0.1324571167319941,0.21400425795055994,0.5254900898185603
0.18897219653224748,0.19319110971444275,0.8746375378349789
0.16320460541612472,0.18952778358463857,0.7555863457463639
0.10722151157273987,0.16650353485560626,0.5238418010066834
0.19868567462063708,0.22546273117989593,0.7925286528976907
0.18960108111327686,0.23361247234762714,0.7259932631546397
0.1506263556783644,0.2109299479663305,0.6192878580675303
0.14962397561504262,0.17675373639170813,0.7333591824490764
0.09089723674374009,0.1659311747340038,0.4272689376025452
0.14870162440600432,0.19216025810655782,0.6697619251460204
0.1623501208385877,0.16848782660270936,0.8448688769322559
0.1269217515552957,0.14153901112414366,0.7554224853352606
0.16925270570468326,0.18659622136343823,0.7998699256293083
0.17846422464917913,0.2414189674210475,0.6563868048230408
0.12543156913944722,0.12136523092185884,0.8687131259802856
0.07375079566842274,0.19309396349487662,0.27836600738608236
0.11344158226894528,0.15568859055675438,0.6001825948503419
0.12122363811729625,0.1597190640983605,0.6337605262635351
0.13272887795393418,0.14727493989920723,0.765431498604475
0.16595161945451115,0.19100519935121307,0.7641238036988768
0.0853162565399551,0.1104564227203237,0.5913305440403066
0.13302351327552028,0.14700992267853086,0.7688155412656787
0.10724785347917944,0.19075050306567745,0.4573925209997431
0.16403211748525612,0.19953357909138164,0.7218440031053261
0.24151637643914853,0.3145658153394759,0.7041972319849521
0.21170334910383604,0.23577755436307485,0.8130686978313094
0.2321528097941029,0.22872534042445505,0.9275439678017408
0.07176166172951975,0.15870359664774597,0.32615304771200915
0.131235923288897,0.16055380911727546,0.6928264355761591
0.12164932763326251,0.2130124198750908,0.4771990651665713
0.1316282224065433,0.16148651832817434,0.691254127974271
0.12292706848757762,0.22433423769795616,0.4588112342715993
0.11778528469812963,0.13368759859328808,0.7314461904250185
0.06347728084541308,0.15104631542679148,0.28784072436699376
0.11987189051518246,0.15806406183598398,0.6318443886303204
0.1911593262169027,0.19279583265244116,0.8877750305187186
0.1116798035050247,0.1629197431520344,0.5627298553955514
0.1402619715503315,0.254100620177265,0.47328484073133964
0.1322522114280818,0.1653719417162969,0.6787863180602642
0.10974307724166985,0.23759095266310823,0.37772093691177255
0.12960047953756076,0.1425531082404857,0.7688396338062712
0.11075454315639388,0.1642480274974492,0.5525457111367946
0.15717881747832005,0.21011438520779382,0.6528768477353718
0.15004890689974973,0.19008365210804967,0.6841667100641866
0.10114813073582195,0.1805332732841682,0.4494912724929704
0.26084870330461263,0.3080530048504013,0.781841759412719
0.21856629948389864,0.28039090370068187,0.7081766807095453
0.13365711587638215,0.15720970963085376,0.722964988252074
0.1310173055863877,0.15388581984599561,0.7214264816439262
0.14896015910331575,0.17419816844349045,0.740307204464955
0.19964884705558092,0.2560998180540625,0.7014797918273302
0.1126785990903485,0.14634939346883014,0.6332694444004472
0.20795449154199988,0.22982138063340948,0.8178285720152734
0.20543158956361093,0.2187997032184847,0.8474947033106637
0.12193056220052816,0.11815138289441982,0.8627115460139252
0.12540349995155523,0.18851221331784151,0.5591335335596499
0.10948015965817755,0.16591082868750312,0.5393268201119982
0.15999255148881228,0.2175664444872822,0.6434473469413869
0.09908861938915207,0.14533736225649174,0.5441726625640575
0.14265549694085397,0.15741854038864606,0.7791680486811362
0.1266595881291428,0.18783270800083196,0.5678435308970277
0.17099168848111646,0.25591994837552373,0.5899957757867278
0.10312609949761986,0.1700621998683058,0.48879821360650244
0.09637773709208272,0.1373601122291338,0.5560401477007759
0.14920177239366,0.18676241464790994,0.6917975045312786
0.15760620477508153,0.15365607382188806,0.8955467971581073
0.2152511250166811,0.2888266105704573,0.676015013405598
0.21843380101390125,0.25901611771127586,0.7661059966742864
0.18755569272502517,0.20508686938200524,0.8169986368699569
0.08053281563765843,0.19080524462581347,0.31724922318759535
0.15247554834450802,0.19638053166032152,0.6745859542413826
0.11129022343767545,0.13050902970166378,0.6994935419132278
0.10199678188943154,0.23245142191891002,0.3527480331698546
0.14054413530717413,0.1474952768542827,0.8172745451792681
0.1191768750186104,0.13400570027513883,0.740094449825505
0.22841802753407042,0.27062165766774554,0.7701454101280936
0.10427957887133409,0.1722104773947737,0.48939867159262535
0.11260573427282874,0.16383771742947978,0.5652284206943299
0.16021295796428214,0.1958119735458479,0.716059163417054
0.2065556287116292,0.24372386805252955,0.7654384866049355
0.1567442919678979,0.1582694035665911,0.8639970132342313
0.1469920107771516,0.14423511154691793,0.8804514338787934
0.14483905378597944,0.19259203573201833,0.6482046534867434
0.13847863842341335,0.16435490591568472,0.7208707142833556
0.10996757802071051,0.14916370348094005,0.6031465827221597
0.1765932287974756,0.2275692893275638,0.6881123075094502
0.13123751228382136,0.1788536275546106,0.621947196736932
0.15047354588353049,0.18231353534165393,0.7156547408234075
0.13979889935962708,0.13351194808040742,0.8972897263657507
0.15432500273837532,0.18766892232266313,0.7157551771274496
0.1108826146819797,0.14558844068318658,0.6242433414047505
0.12373412706997353,0.13370703644587392,0.775831473252092
0.18504669202616048,0.2018211979440183,0.8177867028216808
0.13881353228832152,0.18329574740240115,0.648206704040342
0.09712005294948843,0.1828001258698941,0.42188183723887446
0.21512422308782964,0.24056115871211275,0.8111210643167089
0.1256067686931347,0.19694982449990353,0.5362115399761954
0.19578366586815057,0.1967593787509401,0.8933940886785338
0.2364062399267558,0.32359617240418,0.6687540162139459
0.11109356305427585,0.17539405429831337,0.5193651712921937
0.18234123169202313,0.23835561767654065,0.6810883388212294
0.1287147548414559,0.1585880267332619,0.6855167888828666
0.16512517103688745,0.2263233140175966,0.6412294361578852
0.14426680579885506,0.1682328704010752,0.7386594873082594
0.12930747626928685,0.16653145302066308,0.6563773646755131
0.15126694121085393,0.14025708581352758,0.9359023856047738
0.15912757022195906,0.23607834299748168,0.5893279682306275
0.12442359214749893,0.16011482467970253,0.652179411596586
0.09729431360776226,0.11359106077269518,0.6804612359632276
0.1183526126404624,0.18548044737928762,0.5302586554546197
0.07787191461795721,0.15023040909525356,0.3852210412424793
0.20866868268136365,0.26109910154979377,0.7225941474386229
0.1478348334031395,0.1800856142715448,0.7098558867138707
0.1311382896540605,0.1697534840745685,0.6547040271953428
0.10764504049393211,0.12785818861516582,0.6854863301538761
0.1421114362712202,0.18694078561234942,0.6532091746123133
0.10896735033652839,0.13674722910891762,0.6505970974056586
0.08747445566180914,0.11912066259663409,0.5664378806411686
0.11219065305252639,0.1993845094862934,0.46237620610574054
0.14531292102575988,0.1388932994943936,0.9022243800235886
0.12781034485952728,0.15611680169137593,0.6905749009171691
0.11157324089069541,0.16212354972017354,0.5648361453271379
0.16702654215679222,0.18328798310097943,0.8021613837923592
0.10260237800712409,0.1292858840545024,0.6389125820750997
0.09512897952881097,0.1507180832913278,0.49847355996155923
0.15857408964379072,0.17624317935363004,0.7862663970997896
0.17686497350190664,0.23240280829808477,0.6749702150789344
0.1348704781367656,0.1802997917750017,0.6371082129707274
0.25895186009256027,0.31828028077947246,0.7507592349339524
0.11413635035986791,0.21047077841795883,0.4472656540136383
0.10319438111374131,0.1537892910914138,0.5409634215966949
0.1490231862779335,0.17966779189529516,0.7181208435684691
0.2088903950745419,0.279731804865411,0.6752553402550127
0.09215783804226618,0.14147982890659225,0.5100220900740995
0.0876573987010034,0.2005258653415066,0.3373998590445134
0.14809788553490474,0.21846944847137628,0.5863423303862464
0.07165611203739684,0.1646790024956156,0.31367758642315147
0.1395120612855799,0.15292748146321639,0.7814949945038239
0.12376150079983245,0.18011234184814337,0.5760932301203213
0.1666482987715899,0.16542288003143985,0.8865055350488295
0.1295802463926633,0.1640141756886098,0.6681144842059725
0.15345354130390115,0.16505970150063026,0.8085167978047724
0.11660898833842923,0.161161833311129,0.5994532722392276
0.14006036245364617,0.18097697506406615,0.6634013106426637
0.12518305499487337,0.17130725355863533,0.6140023426321007
0.12990964076246767,0.18836469023180574,0.5834938630335146
0.1519349580727628,0.15657799206136275,0.8426149571585875
0.19048974936879276,0.2155251176579063,0.7910435276476859
0.13080004463652545,0.17986423815639624,0.6160204261404213
0.16748378903355368,0.18180814629248748,0.8112056144958775
0.14337636634676285,0.20435295682522073,0.6037415277151303
0.13212734011923596,0.152252144299805,0.7364581998821778
0.1598231146033531,0.19511570035418274,0.7166164196399365
0.1365673058509912,0.16602094072972426,0.7021241136126214
0.14148647506948084,0.17397793364713113,0.6982866879881702
0.1137743918858518,0.14416866695536562,0.6504491847377918
0.09876970713352821,0.15850384632304945,0.4969577014111462
0.18615760765363645,0.19460310172045509,0.8538281568210551
0.26103402481073557,0.2994231688358556,0.8049945692174238
0.11705722839126081,0.13902731666263174,0.6981162459373583
0.22989952185422882,0.25063530950704727,0.8374698771177209
0.0830671395521964,0.14065169978601996,0.4483923027460272
0.1321852917655161,0.12622503931440232,0.8887720881281256
0.15378631623631883,0.2255240186551806,0.5932242473954584
0.13699009986643004,0.16843173383124194,0.6945846676591645
0.07622162161703362,0.22851353817776732,0.24603190719184956
0.1105299599247464,0.13948050267665557,0.6490510013045582
0.09166446592138476,0.14028153751898856,0.5108617084531472
0.1286373223306011,0.2127446064370151,0.5106466582162877
0.183499980069168,0.23565444551852777,0.6938124155027375
0.12643672545699208,0.13401332186550927,0.7942249619318292
0.12999182290745226,0.17691239525079294,0.6217304488559247
0.24671887507485166,0.30850239566130266,0.7349015056718096
0.17275386325888875,0.19855709590943318,0.7693195881982661
0.18504306488923597,0.19614959186562034,0.8414142661194266
0.11377009461150732,0.11973470902656672,0.7831488076753218
0.07111569759471266,0.18268280793218672,0.2798057363651165
0.11874568236361618,0.18111359124298795,0.5452140929121975
0.1907501827827298,0.24868910933780405,0.6866009663124942
0.1396506987723649,0.1433052968510238,0.8349356332358772
0.0990766890788656,0.13708668066538218,0.576837141982346
0.15111276033996232,0.20518670657301963,0.6389924694916985
0.10713042621511099,0.16823273611454764,0.5179160027200944
0.12529912758764014,0.1581322247963776,0.6658929116012303
0.08944393600933373,0.1789155536310947,0.388138060665871
0.09732511794020667,0.12669962258117318,0.610302669928369
0.20012072122303032,0.21609546059073273,0.8335238543680673
0.15397629852602296,0.1982821176987629,0.6756852311289333
0.1367983785430218,0.17327289630077058,0.6740718314091132
0.11341828205043372,0.19376414186218427,0.4821236847676282
0.10514540388189257,0.1549370675312902,0.5495483117020857
0.20124293336546317,0.22198332437552384,0.8164709393164096
0.12144701587781155,0.16115570109462726,0.6294969100611835
0.1226381909959405,0.16285556406605267,0.6302406158767251
0.24559039501363725,0.3070264299511057,0.7347588774346325
0.06612199099039448,0.10847462328731759,0.4251869201539497
0.11295019041684154,0.16084338332812056,0.5778925342997984
0.21261687415851677,0.28539178846198,0.6749208699961501
0.10586435173613488,0.15528781545914258,0.5529368256115783
0.12007113136434462,0.1278350328669329,0.7828146097362175
0.1833168662847975,0.188922563699017,0.8644645884913283
0.16475309341375063,0.17221378392361766,0.8405430164518845
0.19501312020470296,0.20155321303012777,0.8683221545991547
0.16983539278134344,0.16198441411339448,0.9249988253589242
0.1524999084040781,0.1741132404555022,0.7609984631693812
0.15852004086849014,0.20837125701011147,0.6647751847164233
0.2303263670007772,0.3051415295605721,0.6892748007905176
0.09041266775066545,0.15034430294250328,0.46834277303872046
0.20388794228709153,0.18907441025671126,0.9725691701876636
0.08801012282910894,0.12912683677226144,0.5266923943088384
0.21635201081046673,0.29157427763674143,0.6734202084008672
0.13641376550738096,0.16670921907548425,0.6983043058624729
0.10524042864451805,0.1417929356605799,0.6011613219474085
0.145381822353972,0.19218647259757904,0.6523967096087462
0.19100658209812463,0.24043168424485023,0.7112481145537182
0.12807982542643798,0.16825070033500605,0.6423737031182568
0.15368541244150774,0.15766339169505034,0.8479166343197769
0.17338864271263255,0.17833327186755085,0.860123526621298
0.07853581725286886,0.14293893224707405,0.4095162621733316
0.14090596331665325,0.176953770167136,0.6832629968971862
0.13089489643452268,0.17133152297185636,0.6472533163248583
0.13106780267532436,0.1283760172701339,0.8651756382316418
0.09976477603348201,0.159277831839455,0.5007901922841427
0.10461352689510368,0.14751957292391266,0.5735749176737752
0.14792862698157472,0.17185143267267902,0.744414084840579
0.17916814225032818,0.18619242617658682,0.8548583071761011
0.13071312206598362,0.2146703946133632,0.5157354010802743
0.19432270024305148,0.23989617364136112,0.7266589441466442
0.09402320460880566,0.12484212342887956,0.5929345206225639
0.10301047076238963,0.15200005409383247,0.5461213238196989
0.1598810550299406,0.17145558009863246,0.8158442842715989
0.10620776122942327,0.1463807470246199,0.5889282776711333
0.11034224640965672,0.1404825178055321,0.6430853306225347
0.11867478982978442,0.18298040789696363,0.5392642357937482
0.10682757979116268,0.14339048909704186,0.6055323497250972
0.17992712259620383,0.2058478674595953,0.7769190158241257
0.13906502456092065,0.1606019849630437,0.7413670795433744
0.1307310725257763,0.15563493753435134,0.7114795320384667
0.16075494003846447,0.2012952129513644,0.699246335641736
0.17744722542178773,0.1995570683209961,0.7889834559431748
0.12004837470271278,0.1441257121790953,0.694174364796126
0.15519563559938554,0.18306766829055404,0.7385008880148686
0.037459618766208215,0.11339269254115264,0.15397481420481962
0.11416463241842124,0.12009884705918879,0.7840594204206949
0.1789458350703195,0.17871696147896562,0.8893718523131163
0.10428714227975794,0.13443152728482627,0.6269893973693752
0.12276453740829563,0.16211591506720957,0.6338954282538626
0.29884834814902944,0.40174932959262455,0.6940854100037523
0.15337108291584806,0.18063732220700066,0.7383362490449896
0.08779717524769579,0.14186493226791122,0.4778994651029132
0.15202439692142636,0.22314290983577464,0.5916584892551222
0.1656142844387295,0.23842588649026886,0.6107318571076075
0.16827018298342827,0.21851135313667636,0.6785468162411085
0.16858489553661915,0.17915672412906133,0.8293570685607158
0.26585230914209257,0.38026537795519727,0.646528249466505
0.0733838986346935,0.13595735736452935,0.3926517819227715
0.12390982722174224,0.18188005691196696,0.5713096256179222
0.1649572249307239,0.21752394463075808,0.6663966359050056
0.09219469797443211,0.17304950114590287,0.41719102046739065
0.13385366199301607,0.16613611500063885,0.6853035054574272
0.1586683999529483,0.21169816562519977,0.6550288215461123
0.1387949041594681,0.14225740873974727,0.8350700691926518
0.1893375399228165,0.2128593085299713,0.795537395532661
0.14692048197302568,0.20852606197223839,0.6086552480424386
0.18071955498080078,0.21676221133062995,0.7414555977916897
0.11671964282190506,0.1542334260108056,0.6270991011710318
0.12462683795381418,0.1462776151062087,0.7152621259093342
0.1146067506517856,0.14708974982651665,0.6431906421988511
0.1137079417006293,0.15860847628729602,0.5908129495607226
0.16916238173650203,0.21396441437595545,0.6971364007961146
0.11328146905689888,0.17845246070308085,0.5227244762520018
0.07577594109320579,0.17028645371127035,0.3275418559586474
0.14530956994980382,0.15565106162914308,0.8050672358944045
0.10769085383724766,0.16248466972601092,0.5396869377592113
0.20809205582702966,0.2775819093125109,0.677609201164725
0.15025312671183758,0.18213873203575565,0.7151314015201753
0.12374548478296828,0.14947267707508094,0.694076581841485
0.20551539951228545,0.21868097529833827,0.8483380836361908
0.07471843677619859,0.13141693267303256,0.416372804198215
0.11612091495149587,0.16232148409686875,0.592163849944433
0.12045086630791288,0.18185245717779355,0.5523756338893131
0.12678197819547382,0.18396484263873883,0.5804477456878381
0.1426068847484573,0.14091118286001456,0.8701004580329065
0.10961299240816531,0.1574456277061818,0.5691678690207719
0.14259889155491406,0.2025919614964437,0.6051518068601461
0.11842837228525324,0.2149754452300696,0.45785867395187335
0.20846210687351494,0.26718315786553326,0.7053667168959927
0.08565226261803686,0.1181404450835202,0.5557136895127113
0.10054785517185609,0.16021230005447176,0.5027569989599427
0.07675822952142218,0.11551343747420127,0.49135607737496806
0.05206834657951008,0.11440387639209833,0.280308216739105
0.17823553071438472,0.2135069067858892,0.7411260511261484
0.22583248991784435,0.312417768926283,0.6588373338214699
0.20640923050952412,0.2174975732938753,0.8570634958655576
0.1389184917932907,0.1888481581670655,0.6297042711324133
0.17952152807735744,0.20100398732314442,0.7936236997174707
0.14790377556719805,0.13907225492118402,0.9196929728340463
0.09485937234152905,0.16385781421303244,0.45685567515384995
0.2266355673708029,0.27580292475254675,0.7492145616519422
0.08131029351575023,0.15069556735845027,0.4068486856678087
0.09765638840003828,0.15277408474984816,0.5083086475510072
0.16145065811876003,0.19325976776166182,0.731919839069684
0.13052836996785633,0.16978591032224538,0.6509867029489012
0.05915717301843591,0.13438066578559688,0.29138993165066485
0.13624853593852237,0.17385662941071625,0.6686459776227377
0.10878706753708252,0.17369709498519043,0.5111603481028429
0.11373062401549865,0.1537779188551395,0.6095193946784644
0.1367950786146595,0.19315520707528613,0.6046695835082316
0.17840146917513547,0.19114545821729384,0.8286959609318311
0.14446828147439386,0.19382441174711432,0.6421703043102204
0.11272878824331649,0.14514884659658497,0.6388530836971748
0.23842775488022158,0.293392552404562,0.7444897734794211
0.14071622627279232,0.1945737309364198,0.6204137922001318
0.11855536548225876,0.1210368186591881,0.8142593846568955
0.11762299641403179,0.18051851462261911,0.5407921543012716
0.16415282655105856,0.2069566202160121,0.6965364355129026
0.20252776843044512,0.1857531610757806,0.9826361358985454
0.1636620198475762,0.18004130507496474,0.797939227266537
0.23179592514483421,0.2809056438644717,0.753975328623227
0.14705749919699454,0.17214322258293507,0.7380917894445763
0.1279289666663064,0.1472509505706694,0.7329593883640745
0.12050233777401911,0.15099168630990337,0.6656150429881468
0.10218510231288902,0.14037297909566862,0.5854766554243839
0.14743238123977187,0.2265985374388217,0.562370713774694
0.1974113398091279,0.22768486572270422,0.779196892362604
0.10055582299639891,0.15386862562497444,0.5235363783175553
0.18806624309444578,0.163628815475934,1.0271188641536333
0.11387654445561167,0.1091710803580117,0.8599030452731283
0.14306413180070118,0.17167494769964844,0.716843857823719
0.11720355959736381,0.1695357522261542,0.5733513923818144
0.07695123535663896,0.10666252427047283,0.5339385669536855
0.15984928890484718,0.1957607310270235,0.7143888775402146
0.16643087518225272,0.20242955222727455,0.7233670853445835
0.1450896763609375,0.17803805438188497,0.7026007827103347
0.16527714218863432,0.1949761344945473,0.7451021765573937
0.07936405844401817,0.12370744147889232,0.4798745955322923
0.09260419113552752,0.1980355446830689,0.36662201854581933
0.15259350023405205,0.213145551469703,0.6220796039128182
0.11010386092953924,0.16587834780114305,0.5431924185642169
0.27836813200735216,0.38538158252009336,0.6704215866202716
0.12220188293736259,0.17813914419672325,0.5737194000690754
0.278022311740213,0.37854094484682316,0.6816232570154912
0.14838210943414254,0.17268601651386986,0.7434424166234161
0.06443146723079518,0.16964845838355533,0.26190315935757474
0.10047115313334336,0.19680549197036148,0.4088867253026768
0.11800658095657325,0.1564218274809515,0.6265531002603083
0.18196562890314708,0.22655355036096234,0.7149110161597165
0.18264595045344206,0.1786624932109769,0.9103530770802498
0.1280050577046956,0.17569686284143599,0.6147238827034077
0.1545111141414285,0.20708930250419685,0.6495319290512485
0.11889924305564456,0.1549734476669132,0.6381689543889493
0.14992916576594276,0.18378115229727773,0.7069776423850801
0.12178717439550775,0.131111352550774,0.7763414259347968
0.12494174586846242,0.19343380902383112,0.5425201850599631
0.09457142603647005,0.2012286320043993,0.37058059429057666
0.16265650036134136,0.19392086801132383,0.7356428517688518
0.1990634471400529,0.2299115870395801,0.7788361145505316
0.12822979771260634,0.16020557961308296,0.6755682166251338
0.1626967949684093,0.17289078963224228,0.825357992012999
0.19947166206210712,0.25313779988553137,0.7089879984074445
0.12908547433687856,0.16784047036183558,0.6499354661108181
0.10348090725470775,0.17952627573942065,0.46500662318578295
0.14766416936551144,0.1675461232381028,0.7619643289751659
0.12980509080884517,0.18489069631101226,0.593891921009035
0.09292604413255294,0.18744253629433905,0.38905813789266025
0.19279364226673384,0.22386075262711114,0.7718800202309661
0.12941575077757475,0.16577284660837138,0.6600342155917913
0.13695668393681357,0.17523460787784173,0.6674291417272183
0.10629783882748102,0.17860169195157544,0.4831860095193224
0.11714134789682237,0.16646958183285882,0.5835381264689883
0.17375007599640813,0.19228124812018157,0.7996103494206034
0.16786618898432779,0.19420320728950094,0.7613993149140013
0.06196817747367921,0.12663592899568168,0.3314081383262908
0.11336839327295775,0.15646154660118453,0.5967497784676179
0.1713313075631866,0.2122592358042535,0.7129551135421268
0.09749655942020495,0.12124213610013233,0.6391883375941309
0.14334259179454215,0.16458155608085248,0.7494314352815376
0.09801340767677477,0.1561395413379236,0.4996390216616235
0.10551289713741054,0.14000845962013014,0.610769501853127
0.10361323216102734,0.16508053209484363,0.506499652624024
0.1689355914533499,0.1944146346859918,0.7660719147707311
0.14575484727960544,0.20972393012316906,0.5996208787702515
0.1540687939152087,0.15995832537316929,0.8381482714478131
0.10936403768536777,0.1309592147554295,0.6823806774670874
0.2789635956073173,0.34544591154158655,0.7496501969054045
0.14928027190093618,0.2182353544188945,0.5923892223841404
0.08768031830079888,0.1436991096238965,0.4709863441599498
0.12767073854076624,0.15092154507892716,0.7134219205379714
0.10208606799835968,0.1573742638904021,0.5215977884130133
0.16826724176751592,0.1591102796302777,0.9318520595403541
0.13106189026595538,0.13727004433525408,0.8090759408127629
0.09684790617231276,0.16641330328568002,0.46178944023717106
0.13474750323972315,0.15001551700072838,0.7649042281350535
0.2036943872284317,0.22612392944494236,0.8123615562463433
0.11809631712354252,0.13723712300260307,0.7147943280746409
0.17007780143234766,0.16906989590544258,0.8876672019499153
0.2303874082507103,0.24623261357978876,0.8544254361436844
0.18915747080175074,0.19659597103752624,0.860432031791038
0.12900729558239082,0.14976945267260816,0.727833971729053
0.19709090129460677,0.227059906228372,0.7799303022546505
0.07903898393192732,0.12304844364718509,0.47980276858445187
0.1462412790888851,0.1695002817343489,0.7447850693648881
0.1754748363070497,0.1807769577837984,0.8600368001158147
0.1442183701217641,0.17899084031649692,0.6939928875808253
0.1373118251662519,0.20459682204279883,0.5733804855566714
0.21664760559365134,0.2684138167505215,0.7326284763366947
0.20011775350163963,0.22867569688725817,0.7876558635369171
0.24629493008097467,0.2930264210424598,0.7722680066729694
0.17354898994041612,0.16435061534647433,0.9342769396799224
0.12857382125697578,0.1507534266010011,0.7202079826970564
0.10338092495422282,0.14046982968965302,0.5935860044711412
0.1618237729005542,0.17509900448338042,0.8099633308538624
0.24903507871156771,0.30020788747165167,0.7629215895708112
0.17823244839666608,0.26001850441410335,0.6085430294786497
0.19372302511816333,0.2713040827992227,0.6403258783492994
0.09956982958384626,0.14813451764205587,0.5371457702796484
0.12665943555093184,0.1562902296229425,0.6824446787764835
0.19684705229427893,0.19196300766254373,0.9212558942875209
0.1483597501394438,0.1473590433410582,0.87106802018495
0.16414755680688445,0.19475350173260067,0.7401538638560713
0.20494581026128847,0.22046430537438647,0.8388923093342414
0.13017175194251146,0.1851633457197575,0.5949976304125282
0.14630334670174064,0.13611054724611463,0.9279467995478659
0.10620830801995904,0.13288677368112545,0.6487350518933068
0.11482603562702086,0.13048068091136353,0.7267438747613286
0.14120820506413684,0.19684475855143804,0.6157553086813007
0.10584010023951623,0.1772123961966794,0.4843910588751731
0.1603406593570222,0.20548987276373448,0.6829565733313842
0.1268534502529719,0.12802739495127619,0.8346139534717353
0.22832800049041327,0.3039395225323949,0.6854258332534195
0.16316002089233367,0.16516302076373507,0.8667801074982966
0.21134821804640008,0.21936197119795425,0.8722943954297607
0.1069468286308959,0.1454235923527199,0.5978866786622171
0.10984698328736536,0.1657267752188221,0.5421392117763307
0.15330192446537685,0.15311957910010504,0.8705740000645379
0.11193770989600157,0.16187896073248076,0.5679410683142249
0.18166942859803323,0.23033395046051788,0.7018914418599589
0.12148033392566626,0.17468850613773707,0.580921642581635
0.08493977744081271,0.12394530525225786,0.5239389850922145
0.18661798805385904,0.20003076271339093,0.83296181944071
0.0849830592930348,0.1976536302419463,0.32877240460238216
0.09577618098012532,0.15484164603718986,0.4893785549265305
0.1740789893559117,0.21049125370295907,0.7319971098340495
0.14642225249342516,0.16791143581804505,0.7529103177369106
0.025536315633007158,0.11785711523303148,0.04697481032062042
0.07621983066295039,0.1182979629941472,0.47523921156387
0.15021963669904198,0.17305597968462264,0.7524711768778771
0.1144210773985658,0.11118315291714387,0.8492390701397942
0.1133646983346425,0.17168334318634956,0.5438191999401014
0.11709747321841477,0.1454938150353959,0.6673649542751544
0.12907065830252126,0.1820394308920068,0.5991595214732703
0.19115078569564378,0.23973017776497502,0.7139309172140831
0.27138708200911993,0.3272568215540996,0.7681645284437946
0.21357823290364425,0.22747334850423834,0.8509930247940122
0.15558019597791706,0.15280688041430773,0.8872649949420884
0.11949154477165264,0.15356569076215004,0.6478761257014755
0.058989278010726016,0.17859034903935744,0.21831682518372605
0.12944638873001582,0.17660208428908686,0.6197344112363857
0.11657189013806318,0.12178715261600231,0.7929563017419133
0.19851235680347326,0.21689169496212465,0.8230483736809125
0.0797098171821904,0.17080439514352302,0.3495800979361076
0.12893838551207282,0.17790418215309464,0.6123430275423564
0.1287650113705404,0.18527169206826058,0.5870568253377183
0.15345017781660036,0.21448424409810715,0.6221910536027951
0.18451206722577834,0.21230805693343716,0.7748743481617195
0.17473453951912432,0.1952779384567597,0.7923810582084116
0.08323478870500262,0.20854735447935602,0.3032154920539267
0.1346761581034072,0.1810156785799722,0.6335150579387167
0.08235506155093143,0.1277427582555436,0.4881299136049102
0.10389166053117581,0.13027571084663467,0.6439547325129251
0.14081594577907516,0.1705191488411466,0.7085183488197311
0.10761108937987203,0.17062527721003026,0.5134707518864724
0.1283867958463507,0.15425173211012772,0.7026617747732529
0.1250775468061469,0.1544622765187799,0.6802796719972681
0.14660297991588978,0.19459402426615902,0.6506005536055238
0.11335225870305221,0.16199112783025899,0.576280071343602
0.08884221131016252,0.1436460546290286,0.47924888356975864
0.18904353947172933,0.2158590996116937,0.7831198211046915
0.11788126590572814,0.20783856598878278,0.47094852411082777
0.12832358553003317,0.18102060590358324,0.5984047229834675
0.11583478892545834,0.13476445471602516,0.7111280873536039
0.209443293302041,0.2476572372211078,0.7649414789074244
0.12488290558543949,0.15730596820692772,0.6667446046768648
0.20324780869589038,0.27256986329897726,0.6722966599388465
0.17895387437740995,0.254407575990308,0.6248000821463962
0.12509285935142261,0.16703423678320473,0.6291695725099975
0.15379896847759572,0.14797950285824338,0.9041723069293465
0.14929721677811783,0.14753596641028974,0.8763776042144809
0.12431009480093139,0.16299468463522362,0.6399601007503631
0.11866513958017746,0.148331441112221,0.6651667295912792
0.19147369140428383,0.20919583613877815,0.8196802315440453
0.18044183288577786,0.23430593543860778,0.6847536003961642
0.1675406833099144,0.18611209508647597,0.7927517190183714
0.16056549201400597,0.16889464227399512,0.8322673243001326
0.1303842280388254,0.16758634104851525,0.6586707923103937
0.19741633715336712,0.2595850440335061,0.6834613211786849
0.10945051682297961,0.11671961110223202,0.7663709292573976
0.09383598260129272,0.17671888824256782,0.41781602032230986
0.09431669222256926,0.15818772441600387,0.46980062768417086
0.19090403437444292,0.2048154069648746,0.8344295817733702
0.10219706771734798,0.1148443340733263,0.7157259291944384
0.146334554406985,0.14664215673702283,0.8615159325128042
0.16503074097837253,0.18892846819679437,0.7676489539273856
0.21582987127496053,0.28650969815737054,0.683501719259072
0.1620758220796845,0.17219934596322586,0.8250659796932422
0.08814884538571853,0.18830607101984628,0.36190466412809424
0.24370369388085436,0.29343017888861744,0.762374527146949
0.15871597632237325,0.15828551225957133,0.8763655898898307
0.124966899679144,0.12610845965699602,0.8323541494729598
0.17146431056554837,0.217160064364678,0.6974777384077101
0.20841230325679563,0.2563012142011812,0.7351206034822106
0.09789116563738727,0.13299505219436145,0.5856696497517492
0.09905727725008767,0.13599425597331777,0.5813280618675454
0.1282247057411667,0.14279990209363458,0.7578766102388729
0.17261698202480846,0.2058482469170326,0.7414053037154159
0.09950471725091536,0.1525109544614134,0.5213049615464228
0.14984953663182043,0.18099744282866656,0.7174108904662091
0.1341720273030069,0.16517658867252458,0.6912119218623761
0.1504014213862599,0.14752749290904357,0.8839126783416393
0.12188260303615488,0.14480357333394664,0.7035917739487876
0.14451860437985964,0.14841324405117268,0.8389992764859031
0.133180891209617,0.14551243621963622,0.777809059830336
0.08477385254420562,0.1872421051817853,0.34593636127579036
0.14984318299149632,0.15286054918770503,0.8494224551820461
0.14449713074932422,0.1644538455680294,0.7570338675833741
0.19133431019945732,0.2566293058950104,0.6676334551968586
0.1728560420781352,0.225229570114327,0.6786677344388891
0.14162465627313905,0.16082273123728172,0.7562653322538784
0.07449211429078609,0.13023860017627104,0.4184021804367822
0.15083956861923112,0.18623844682174692,0.7025379069256342
0.15507353311823105,0.16689117536770012,0.8093509607121684
0.1335165843398509,0.17269994164446298,0.6573052848711857
0.1208737408323243,0.18267770643781045,0.5521951353525728
0.17807725994282883,0.22708732249004268,0.6961078153086252
0.1272776886332621,0.1469637754124084,0.7299600757548615
0.12004517211589455,0.1727708664269852,0.5790627446912452
0.16361290202656772,0.18648107705064249,0.7701205092652211
0.09025003942094224,0.12995642316529374,0.540566119856885
0.1196850992342644,0.1388120073731752,0.7181302332605565
0.09325649153587143,0.13216212524978732,0.5542926265555744
0.09193919060582786,0.1735550659747877,0.4145035479187824
0.18271057058874032,0.20199214025751203,0.8055292170344196
0.13579918005958294,0.18531906080015198,0.6248638405547541
0.1288799159506118,0.16197228398906505,0.6722132532128917
0.2175748223875987,0.2897403622242805,0.6819030005721507
0.12056495552073604,0.17440122877425707,0.5766298564954846
0.06806313493390696,0.1117286162727269,0.4301774830593622
0.1126049885563741,0.17159332371835603,0.5396771071837906
0.11731557449835964,0.14815536789903966,0.6568481174754008
0.1758482871759585,0.23683071351041662,0.6580577530080521
0.07030393480283714,0.17227422584362184,0.29199919231388355
0.14538959179483252,0.1637041212918471,0.7659525661622867
0.1349051847108703,0.14747633161128068,0.7791432255973
0.08376069464153126,0.14452170853404475,0.44118420193262
0.1034301353106891,0.12221853027086274,0.6826308181401777
0.19589827343146377,0.2312698071618762,0.7605760370974176
0.08404737521968818,0.18412701789584532,0.347843439553872
0.22022408812538652,0.2708458651892821,0.7392547343687851
0.11385699208893171,0.17260895340130003,0.5437550615970818
0.19003471187618953,0.22334160294507763,0.7613212658727229
0.08039108156287746,0.22499128021501186,0.26841520927017704
0.12204792485063484,0.18524439181272778,0.5508826683066328
0.09607295990339539,0.16398277474964784,0.4639082368226529
0.16703196878833507,0.2066365271237778,0.7115487800482687
0.11183554318508644,0.14487493828764192,0.6338953049474407
0.11318526022945916,0.14624543806852763,0.6371840479960438
0.14332174117467034,0.14928053204410133,0.8261073261598365
0.0818075913851023,0.18523007940081612,0.33368009982524455
0.13572867905499214,0.13474052506051504,0.8589003123077912
0.14695369161769153,0.16676271309349677,0.7612834383817803
0.1475486089513712,0.15032334997618405,0.8484949874492481
0.1811688254566211,0.21448897827770197,0.7514084255087154
0.11878050360071249,0.19784280025590964,0.4992878359634008
0.08995933069050972,0.16153182720779438,0.43309935818725126
0.08921437506643161,0.20444281662977365,0.3385512692860821
0.16064827693483724,0.17689692469681542,0.7950860489852781
0.17512035613087037,0.1935139452212136,0.8015978174262638
0.1497215839815528,0.2485097326024268,0.5219980023441787
0.1432290680207223,0.18946951946143467,0.6503899327501319
0.16415806667667973,0.23453107286695152,0.6146651056274322
0.19817058671574156,0.18084205887880783,0.98522759484365
0.2680208179269228,0.33978242864276936,0.7299400940702551
0.217702875055243,0.2565112445908696,0.7707376546808902
0.08828727545056278,0.13032485696775645,0.5239773673218584
0.13321576575999017,0.15381270997534624,0.7360624865015178
0.186329375595827,0.19625391279219653,0.8475213218905085
0.09538260750396219,0.1748448306215728,0.4311400413496771
0.14275569167455984,0.15047842122020652,0.8157694018793704
0.2025119666759431,0.23287412738216137,0.7837365564291703
0.12282155206724886,0.18706578281750239,0.5496545146771149
0.14205934676382936,0.1757850013796155,0.6943672429722078
0.11746801288714055,0.14449742884852962,0.6745311225524437
0.1893376184581903,0.23930285797907122,0.7076289012519864
0.1994268205636191,0.22236634021439455,0.8068973945904974
0.17067669219511145,0.23075837896726462,0.6529630380896654
0.16038363159134664,0.22729310028807734,0.6176326136315651
0.1504999371739619,0.1502296850932926,0.8686694450096296
0.1634966934698659,0.15842331539613247,0.905780144236074
0.19940137533119523,0.25747192445704353,0.6967803410391895
0.1855146375381127,0.17989710382402943,0.9200517074472457
0.11857030597378124,0.17248044089610226,0.5714868622880981
0.14098984861324435,0.1571013007133701,0.7701390635459423
0.19177681308596622,0.24099646143607334,0.7127773248717667
0.09453434797028247,0.2550234556177598,0.2922646773401023
0.07217635225808613,0.27215226884613636,0.19171749873444738
0.0975782256262572,0.20573446947718074,0.37707937723513985
0.22357772279524882,0.2484605188304199,0.8193564263390892
0.08708532445585479,0.14665393853398329,0.4574396373290001
0.1500034169369954,0.1826296496924972,0.7118417910557718
0.10642528850347346,0.1699067392323772,0.5086630989090536
0.1695660001502008,0.21076981470622716,0.7096177427430357
0.11641158359469218,0.19271035627988176,0.5002926955034497
0.13446922183995227,0.17982646518037343,0.6365538116157423
0.10519587276579383,0.1801606627131345,0.47288831803116294
0.1772553880136767,0.19072166828138143,0.8245281694037502
0.1578772796407101,0.22096318671352214,0.6239830339678593
0.076096860900693,0.11423556195220569,0.4910630275024428
0.14732528060691108,0.1473367608137616,0.8641786333816198
0.13512899505728987,0.13279681156607281,0.8669560187445287
0.103460570050098,0.12644141067631368,0.6600730694452202
0.16319721234790194,0.15642497558368923,0.9154370126226404
0.1464485471055676,0.1595563057516436,0.792501095521667
0.1301702162847386,0.12900086462272906,0.854026960260601
0.12202616628598802,0.1842723060641365,0.5536706435446546
0.12919821563438166,0.18541090831163617,0.5889524873630562
0.1304303824482102,0.1578739992192801,0.6994842912342216
0.20891742368417682,0.2852094344364225,0.662381397226498
0.10684519843692473,0.15416472134795609,0.5633273143011206
0.0846781298020233,0.1450138551842655,0.44601344967926276
0.13651841066153936,0.1889275691774535,0.6167358801514955
0.11362629637374247,0.16206623310751336,0.5777039089421643
0.1742697601663884,0.18733652538133674,0.8234900260499729
0.13797202455235144,0.16515934421542344,0.7142921589618094
0.10374553955487308,0.20477442598787957,0.4089648360671264
0.15652637746192316,0.18166712723249795,0.7515194385564122
0.1612897202739873,0.16998992818449063,0.8311652448058282
0.04088972346035951,0.11585708322665522,0.18030596730535864
0.1683462725527243,0.20492028797204445,0.7239218430776456
0.10424110807032252,0.17360165369873348,0.4852552166151232
0.12281552510558867,0.16450952434099342,0.6249822040240895
0.0981723624924206,0.10835798510258801,0.7214268742484539
0.12994286523863322,0.15814145364613283,0.6952185066203338
0.07721833276843824,0.2547171247851894,0.2246348093662418
0.09781262842573608,0.19278535229655097,0.40362313577662917
0.16809187288420985,0.1618416425072012,0.915041830952874
0.1192497291317932,0.19082639908279042,0.5201048157321959
0.16079189281651374,0.2100114852434486,0.670400919517833
0.11729411704156377,0.16259537567572735,0.5983818213600528
0.17620318256546194,0.17946906536692378,0.8703627126274112
0.112711777419717,0.1462020668513647,0.6341345195480155
0.19951185751757924,0.26617930635158477,0.674402003589527
0.09311943577411408,0.11455700449257146,0.638279920970311
0.12466679855644122,0.1647909744643971,0.6351488538533665
0.09420146843058923,0.15577342677781947,0.4763422745807807
0.13701752529471256,0.16194583194093629,0.7225720099878232
0.11174897139885305,0.15814050271844549,0.5801737684001397
0.07572672376936863,0.1965442859451963,0.283532657799613
0.10307947627279705,0.1443832531095597,0.5754093669696954
0.07662925112035783,0.15116261529231617,0.3746247113471077
0.12083000307551059,0.1947512656950067,0.517737344174271
0.09585347134442684,0.15167973717986802,0.5000896807625445
0.16086941883436118,0.16546816837905762,0.8513384792636058
0.07016411249789525,0.14902515667799698,0.3366150629607209
0.10444823357412858,0.1855058332980329,0.4552322267863911
0.11306161918775702,0.17271312179453557,0.5388219390676393
0.14614547115895377,0.20752549284066837,0.6078553021714992
0.1301086993081,0.14810659245485924,0.7434422565738223
0.10170086311789268,0.13439501915814814,0.6079158560314792
0.10444777080591919,0.1614843163256669,0.5229471983868241
0.12154499292974077,0.16959426097731767,0.5987525305665967
0.08629251793501222,0.21826923127250436,0.3037190242001973
0.10564528279180317,0.13529713951397976,0.6330162123121144
0.09163632274437465,0.21452170163377246,0.3339350853494108
0.23415197166906762,0.2961164281444852,0.723201927738287
0.17223428770640892,0.20612175005314623,0.7385648902513053
0.16545748237412308,0.17285653638119028,0.8414925198625658
0.16634502414250882,0.171233893438269,0.8546498663552682
0.15802650468901105,0.1885446911495455,0.7320625356644723
0.1261935246650096,0.1917633843879635,0.5537737300785515
0.1110438885692539,0.147449159196582,0.6174595302227018
0.11722176275987693,0.17847256018404112,0.544743475745637
0.1187303732220058,0.13489204876433541,0.7319213706546466
0.11654117022519225,0.15752130105386114,0.6128769225451103
0.15543908478244944,0.21739692649346393,0.6230036779591797
0.0687006196297205,0.2835841319191428,0.17173252713450946
0.12523240750354403,0.13763148747773465,0.7645954383844613
0.06909098587678006,0.15891139471845098,0.3089204897091006
0.08101360717735241,0.19942160816780571,0.30595283900234005
0.1686437803540273,0.23937244932466695,0.6209728010612364
0.17327561932107682,0.2202179041038505,0.6960179734014498
0.16455760905984806,0.23507214371069546,0.614949975688127
0.13893487026689902,0.1440638017200171,0.8255708154783027
0.10350392716075721,0.13033811617074528,0.6406715826041675
0.13814360495980066,0.1410296683113516,0.8377216395274694
0.15325658760619335,0.17198792566888427,0.7748019931512081
0.1580894930966981,0.17131654987109046,0.8060487629514222
0.09944213966478796,0.14805761245963978,0.5365623445160156
0.13976406658851,0.15774950750088165,0.7592040601955011
0.15547788120171524,0.18038584168316438,0.7510449818987072
0.14659405804359318,0.20311743982137875,0.6232554829113633
0.11574488810661798,0.1514747582398693,0.6320847725335217
0.17939186914702965,0.21196157194639345,0.7519847474396961
0.18767775020327665,0.22339678818543698,0.750582636237773
0.24892633568392047,0.3176975739156992,0.7205794267244418
0.10832000787420994,0.14024851509619543,0.6297393438613726
0.1723352492491167,0.22611006774026302,0.6737216558800342
0.15303700584479832,0.181424711040704,0.7332904381198131
0.1812953016742855,0.21050648836394273,0.7662248462167283
0.11588939160189735,0.1301820272438072,0.7365793391918378
0.13923283932300598,0.1361879970783016,0.8755018201380316
0.13509308164220282,0.20009399809444797,0.5751950720074912
0.12430401084405193,0.18103290749790127,0.5761605018980382
0.1495084087452051,0.16841697045230833,0.7689748152896433
0.06947724380154555,0.11524053567289358,0.42933889115185175
0.26940430122550396,0.3473722793129082,0.7179741046660894
0.1180560289947013,0.1312568722544426,0.7470544384496594
0.1298645923100137,0.1844791127522453,0.5955394660725706
0.15666348597299667,0.16595772614417265,0.823483721717619
0.10561194406488862,0.1581087305235065,0.5414751214649747
0.15940034823348068,0.19151589090277388,0.7278787550023695
0.1385163461287651,0.19057881402701604,0.6218757669043132
0.13301815757568058,0.14820360589740472,0.7625870969287915
0.22238296792484233,0.2815174683969972,0.7189002127549718
0.18667608328583019,0.24975724585093217,0.6673523433442686
0.14027632824408118,0.15952265312686348,0.7539764784906698
0.14806999537902754,0.19604953673758613,0.653253241554201
0.18012097469791266,0.21148464502681424,0.7571281341849232
0.14375374414345793,0.1729890950751118,0.7153846552565878
0.08705336272495548,0.13513355453099427,0.49620068796145
0.08981039260566301,0.18258795968408656,0.382338423225983
0.13207979617639984,0.1306483943347948,0.8578735065751228
0.1617968082887256,0.175698341147829,0.8070469383055853
0.09931346790694424,0.13033680719610702,0.6085270125391964
0.12639580395080863,0.14337345962436873,0.7420885582977511
0.14624096307468046,0.1742016168242514,0.724683073418558
0.08909623320269398,0.2078249488943286,0.3324732356259445
0.22314758535668697,0.2263412346242796,0.8975279546120111
0.09540172071349103,0.1706244940506369,0.4419161570736366
0.1394630098664159,0.12889363085680544,0.9268340807245433
0.05842012939476312,0.11495409472898738,0.33422149498320497
0.08152981008853935,0.2426143688885962,0.25361156624978237
0.2506830505193782,0.3035316206332168,0.7599967675134983
0.1369842543934137,0.21960905418780177,0.5326932208057914
0.16396274186590853,0.22556169306530904,0.638241094529405
0.11035068014551597,0.1875193447494474,0.4818205837175752
0.16605744456646138,0.15770912542440732,0.9261191714392533
0.10380147408080977,0.1291926439582796,0.6486551518201913
0.12569019610639184,0.1980417841331768,0.5336762470051196
0.10900029023820855,0.14518696874998427,0.6130046725575582
0.1524288801364835,0.1950514948483076,0.6789431695433764
0.1597502126445857,0.20571176036326952,0.6793496511711274
0.12969793550089884,0.12527368563376873,0.8756662258791937
0.19406725705388947,0.2572610679283972,0.6766171751348601
0.18463635076253013,0.187657374017819,0.8773241745719893
0.15883426765250874,0.19037085047220867,0.7292832243388885
0.17557745761868596,0.2272759888448899,0.6845309898744457
0.15459360916949844,0.17597862244501536,0.7648293144899024
0.09191256074795691,0.1234860495919469,0.5823537232390877
0.18502474132770919,0.2267577297870148,0.7277579533130397
0.17280175508030884,0.15838694849232413,0.9647370350576207
0.13591986673885653,0.13500936377980702,0.8586061254826411
0.07711091918073912,0.16254209610095677,0.35136078930141806
0.13354945738244742,0.1807581509582299,0.6281844374956388
0.1311298636460125,0.17554887111884213,0.6330423143010724
0.1747978557227915,0.20101398752165445,0.770084995732527
0.09814710044215284,0.17020565061576612,0.45913340808271663
0.17386581688938788,0.21496448560633566,0.7157731960020701
0.1659391575047492,0.21804247254914508,0.6693152751322596
0.2129762706629456,0.2916064781003133,0.661769491268165
0.17753910250247185,0.24268602887947988,0.6491478031506595
0.15159794898625908,0.20210803733258992,0.6511267474717045
0.1865400007984608,0.23396091372090042,0.7118283056337
0.06956115652321287,0.14171465870652236,0.349724982408837
0.13696882447764264,0.13328009148677708,0.8776166280561661
0.17828692394352105,0.15762262705646865,1.0042144766868681
0.17097517255252104,0.16219884179773253,0.9308030247268487
0.056803058128713335,0.13901879597058073,0.2647344042348175
0.13701224945127943,0.1464263189487042,0.7991203377329382
0.09991912553104788,0.148560743139735,0.5379558814933809
0.14896789030919183,0.1718485352463453,0.7504741901018595
0.13494021491503966,0.19676793283668276,0.5841409891236696
0.145248597563843,0.1804624988658403,0.6940422434078979
0.1845015359856358,0.19823751480346682,0.8298204108779463
0.0774363096564448,0.17422569675908803,0.32966612115700306
0.1169519946197029,0.1935476527584499,0.5009205394017374
0.10998862601714711,0.1693819427538401,0.5312763837401844
0.11466826152360807,0.14566200521096836,0.6499173300991983
0.12817180648289497,0.12565934064738418,0.8608337901950208
0.12360545187756168,0.17589145498685105,0.5890306148488386
0.1730316272068649,0.22250063574739898,0.6877806289982875
0.11194468638069524,0.1690177032361246,0.5439944137227138
0.14097721359836018,0.13741716510538482,0.8803646437152383
0.10774428950436783,0.1499875430764202,0.5850105129041363
0.2210581122163853,0.28296088903305017,0.7105508923987777
0.14896799941733185,0.1781256299513413,0.7240283133458231
0.08489702302044268,0.18176895557105965,0.3570302905496545
0.08762113875309015,0.14682436983256508,0.4605580043027165
0.12735680722320636,0.14002471651674772,0.7666989792503233
0.14455617443594784,0.1933052068431896,0.6443498158691017
0.06751580890117403,0.11614364918882208,0.40911241581470004
0.08859636724020042,0.12754952959869612,0.537801804961746
0.12570135231685292,0.1946144737017115,0.5431320204830343
0.13756274461318685,0.18536026297724995,0.6342391984392891
0.0682450672478211,0.11553570783226431,0.4175771123319181
0.15902996560211144,0.20292832782698522,0.6851185691563333
0.11906588823129037,0.12382751530179169,0.800031301523313
0.12468377807034343,0.1428906957853192,0.7326143769893994
0.19682767082361952,0.243527711759189,0.7261090310677849
0.18943246989509782,0.22451304144702416,0.7546664942182297
0.11053006189109528,0.16294566291790483,0.5555843602704913
0.14361060772690257,0.16034637455523687,0.7708974279572539
0.13121287713206323,0.15569095695664908,0.7143181550552713
0.1675942196633072,0.2094479397154134,0.7046821270424064
0.15719098200303078,0.19003165970677977,0.7219375035439751
0.12709426434733662,0.1847484538147252,0.5796761062733222
0.15442686053034516,0.17165227191243795,0.7831347586178063
0.15247887503475635,0.20235501040242312,0.6546854202981968
0.15958547929430994,0.17767854361177307,0.7856068406284537
0.15681004050815445,0.14374010012516156,0.9517875692936574
0.09557870364773662,0.12391132194091962,0.6099418718474507
0.12105457465720257,0.17576766440167868,0.5749326817375485
0.11160031297614359,0.1730189935062705,0.5294234529969326
0.18699992707625931,0.2266844399525695,0.7367066178481491
0.1294626902279176,0.13856248449931718,0.7899879294417315
0.10262204108524199,0.15239776085021106,0.5421473427450791
0.0811680709445189,0.12086616066791754,0.5060810288545488
0.18471400653594983,0.18467141063068032,0.8919301908910915
0.1335341031287992,0.16984361035315115,0.6684626103550841
0.16494702140203776,0.1914021870144907,0.7572903092850455
0.1020628402144046,0.14500372088510458,0.5659360995255291
0.14491419400869465,0.1816039552040238,0.6878385102811181
0.17103915899598296,0.17039889017523313,0.8863858141368104
0.0999971226765194,0.16402418865962043,0.48771539935812613
0.1441837852032519,0.16043658533730906,0.7740365761472817
0.08500483544044829,0.12512563415768022,0.5195165313490504
0.21705594303757164,0.2714727525841614,0.7258774265991235
0.09930744303712952,0.1465773336867458,0.5410621208775669
0.14573218492754797,0.14887303874092556,0.8445598074098013
0.12734765469351741,0.2171997275848037,0.49423475750725554
0.2120279974134456,0.2701953366899563,0.7107006351993183
0.10258683990254765,0.15118501617484087,0.5462633929743307
0.1369862939204513,0.176726863552188,0.6619610146926241
0.13320631963195584,0.18147152194825153,0.6238241593864947
0.19201411922835362,0.21376654657141397,0.8046821263068311
0.2550145445184101,0.31284587361337096,0.7512151009185171
0.22959853769943686,0.25806672843248973,0.8121873709662184
0.14050363491710102,0.15634118160354832,0.7707734691597474
0.19916950217032425,0.23774319176502182,0.7536262167600155
0.11530328729276283,0.21832152300236005,0.43652721903984065
0.17086776113666663,0.16698448474911975,0.9034837060660627
0.1966767970417575,0.21569098381252474,0.8191199924950142
0.14008847697241933,0.12454281069213896,0.9642345174726269
0.15033092005288912,0.17148253298761623,0.7600244630297192
0.1434592358776921,0.1456426378493669,0.8476860739461591
0.15605522240355352,0.1501630350316848,0.906050030054637
0.20974779948055422,0.2620930541191728,0.7239711106356774
0.1334588530846261,0.12340666760080418,0.9193899753588901
0.11227712768662146,0.16319710996714126,0.5654335895114864
0.13709275797810108,0.1597812661718429,0.7328315814706912
0.17588751927341947,0.19527218603328,0.7983088756268225
0.1174814844318374,0.13733029381391637,0.709832344522073
0.21249375321292926,0.21893066556839963,0.8792452748141362
0.117782736957655,0.15679816761600615,0.623621681581904
0.1681367097803068,0.20225696814529134,0.7324183247614626
0.06919454515996751,0.12651879004149214,0.3888319287896607
0.10914348359210335,0.11307597825439544,0.7883503195661117
0.08758151937518219,0.17696937059445467,0.3818825774662039
0.09336942240347347,0.2212810019857807,0.3315667488173617
0.1232837246416507,0.12071313847376093,0.8556129510633276
0.1660269203090394,0.18171249919973836,0.8036151665523384
0.12532894983625723,0.13835128870651375,0.7613152780939597
0.11236460267778066,0.12971714210918295,0.7120462351848404
0.11828946096768718,0.11657782151529264,0.8431231574763438
0.17102588515142908,0.16061024605488955,0.9403253457429799
0.14415784228223494,0.16486561737315855,0.7530851141703778
0.09210546116246193,0.1382936202943377,0.5213939804959623
0.1266417091904686,0.18370868607835875,0.5804935600322233
0.24637191183013946,0.28660802811584263,0.7898310222442316
0.12436247195132887,0.2178857992798715,0.478977851224148
0.25387177132638994,0.33127884537219504,0.7059665130854725
0.14650584298389704,0.17816931937263414,0.710031577991916
0.15196475629213385,0.17640328425063884,0.7480855974576672
0.14319848732417043,0.1739605317462701,0.7081979233304564
0.10381399513072516,0.15079448285642394,0.5558160586719014
0.14136440878237733,0.11695333302296369,1.0377165459538251
0.08632784592597714,0.21013637528606546,0.315641905575286
0.10412815656975145,0.12115425385197756,0.6943887968848091
0.10487988506810698,0.14067238739311605,0.603386966277226
0.14551663579132623,0.1507202618439275,0.8327787800773602
0.14597178941955807,0.19188251349079274,0.6565047910194417
0.150889921034806,0.1855332690622424,0.7054795169425666
0.2142255474584183,0.25619626918332605,0.7581123178629763
0.08287672938575792,0.12355770097361737,0.5088855562243235
0.12046825440991667,0.17109196495023382,0.5872178418147237
0.12619286233255336,0.15059446851288127,0.7051577882056805
0.16159832922163367,0.16732025542966647,0.8462712948771162
0.15350779361582512,0.19315117734811607,0.6912088005303961
0.2544468673448623,0.29972720588478224,0.782200823755004
0.15973377427326485,0.1648205136024703,0.8477935859991796
0.16996666123318993,0.17908407971662993,0.8374092296226815
0.14662155507326666,0.1670270253924655,0.7580902238768991
0.09611660318285886,0.1182883294845469,0.6434836261070258
0.10708745730343125,0.2083303305339435,0.4180258202453242
0.10803669818161443,0.1501624905545197,0.5862762255508198
0.07837538503144814,0.140429743318418,0.4156910327684971
0.13090987287361427,0.14117904127930744,0.785597294531779
0.17439105615910946,0.21373470461411462,0.7223490281461469
0.18037573553694838,0.2421796603375856,0.6622180215852691
0.1371093437801326,0.1917702916754489,0.6106751090431038
0.18526805676902527,0.2210710776334487,0.7475788264037473
0.15717039574347771,0.151939240779821,0.9027976909681603
0.1132775628122064,0.13207690936786948,0.7062367166118603
0.12241925798923377,0.1735236852641446,0.590232150921225
0.0932377073392096,0.1366106300927226,0.5361054794162101
0.062411647344639824,0.1576193458217506,0.2690764076168831
0.12663584144364315,0.16648316383684506,0.6405202723570727
0.13957801652316917,0.19329772745525686,0.6186209123997498
0.14001559605329633,0.18967455855887616,0.6327448286431242
0.10613286754036685,0.16867078392571522,0.5106567096901671
0.08683350527301602,0.18808936657995423,0.3553284616151121
0.16654665502648192,0.21444221313021836,0.6833852947483461
0.1094882119484686,0.17131659489829454,0.5223557706221924
0.1274856030204212,0.190446552910329,0.5643872329420967
0.09002876095151958,0.14298867320992326,0.48975040735366204
0.12581644232453285,0.1135968350941813,0.93150871885473
0.1071946519137684,0.1680326358443111,0.5189149802694144
0.15454491156664626,0.1847245357893496,0.7283543087101022
0.20706639607611899,0.23863698194908622,0.7838952477031832
0.11603128989993851,0.19269909566037913,0.49834842021878517
0.1493782103495878,0.17573245674695676,0.7362226235525972
0.11665102547540504,0.17272955500978918,0.5595511750720801
0.19864176402852965,0.2554077446924112,0.699437537587863
0.1135155402757031,0.14071444898361463,0.6645766724822441
0.14276099502104336,0.15741171366276474,0.7798720448723638
0.169255272134089,0.1415608860520063,1.0543538988535008
0.1494703535831721,0.19519575628321278,0.6632846740547034
0.17041110526136535,0.1853960596400261,0.811296127616794
0.17143602440675063,0.15623846473238942,0.9692621126694725
0.11372701939930659,0.19127280123342486,0.4900174974952362
0.1207473802114225,0.13606317736122384,0.7404455942106651
0.09790498692930705,0.17782812790025407,0.438091475455474
0.19433656900301605,0.22039288039705232,0.7910263194025924
0.1470019278040661,0.1793905616439025,0.7079632654039517
0.12188634222706231,0.1401193078869529,0.7271399192840958
0.13430870738260964,0.1566987679045266,0.729480575445594
0.08712797514719232,0.16946152969397124,0.3961251575411718
0.12490348452154779,0.16432345160102046,0.6383963061843104
0.14762397757036672,0.17532131469528867,0.7279433067917572
0.09400201500966764,0.15033303718065127,0.49225384118822363
0.19689168353146888,0.2139595773416097,0.8267528181224724
0.11276656193808618,0.1354643930001032,0.6848040277124003
0.13318271466832857,0.17987089386725788,0.6292441886226227
0.16529837093785063,0.2185535150651847,0.664818275260934
0.17842538172023423,0.18010985290397433,0.8796041924741276
0.09711379399321726,0.12264087941454627,0.628777242639952
0.20816549008787513,0.2606104488943487,0.7220182110355725
0.13880844084973548,0.14878339956587505,0.7985329088890194
0.08613706172140959,0.16665896145869644,0.3968407167699801
0.18719279637270686,0.23310541014563937,0.7172411668534348
0.22301324772694175,0.2687948773864677,0.7552720115088114
0.16836548777022864,0.19513631928443337,0.7603171378566851
0.09675760235633418,0.17460454200106884,0.43960827981132533
0.1768214900067438,0.20281280825853557,0.773232673780818
0.10431232952471645,0.16731712685110037,0.5039073471525007
0.144393602716394,0.17767112290454748,0.7001340492637262
0.11362580674080688,0.18487058916046306,0.5064397055582596
0.10039979903901991,0.13814729987726823,0.5819860330998006
0.09166655393043725,0.15860831461123104,0.4518461349652507
0.12877067766189804,0.16484243270231896,0.6598463507167586
0.24046783412556205,0.3238896466255675,0.6806881183838328
0.09972831458699676,0.2023330171008885,0.39404500426760375
0.11161444312216337,0.14051778829429729,0.6519775484246033
0.1275532184063354,0.15189314884599792,0.7080847241858284
0.15109101807280498,0.19017042250801072,0.6893344209049277
0.17741547211264108,0.23110714171192315,0.6811363376596155
0.11693989920293486,0.1373449565911108,0.7058133156759029
0.09195633693450028,0.14061007254026425,0.5117438291193207
0.10149188111084177,0.1434891050245638,0.5679307923545222
0.13230798307231975,0.1763420056528786,0.6368759539538924
0.1687602380592955,0.1455988530166488,1.0217129804057263
0.18729477253088117,0.2063926803540983,0.8105654340253798
0.14706993958946515,0.1409503158714409,0.9015229146798375
0.12696893577251847,0.13970968763724628,0.765651527689772
0.09592363542098674,0.16568048743327243,0.458253332044094
0.15631550741563127,0.17673792504020655,0.771286114084572
0.20438153471092327,0.21235004922400935,0.8682905202269018
0.09283354238839657,0.11508809345594435,0.6328503688027224
0.15627146170120387,0.1651176942418919,0.8252989622152229
0.15248410459490097,0.16238381188757026,0.8158701477375655
0.1488673867469268,0.1714602533798417,0.7515875207616923
0.128586555302646,0.14919693629632044,0.7278068705578642
0.19138102045387145,0.2846092620893948,0.6021624847895543
0.07468952581457075,0.1256594146072259,0.435220281628034
0.1259384157405731,0.14590958448003805,0.7260552219245513
0.15444623988598777,0.18927426984382958,0.7103249691409166
0.11890914170167471,0.18263665046966548,0.5415623942254829
0.15253785669549386,0.13298724034253448,0.996620851399855
0.15197884946606469,0.1897751031004045,0.6954487038072561
0.128301451278187,0.16528471413762894,0.6552417859282909
0.17293235637982743,0.17766750084214886,0.8607784521925723
0.1220934650097143,0.17704914909924127,0.5766391170425106
0.12954658918059636,0.17387171784138136,0.6300426000307471
0.11464626645971021,0.1342140389005233,0.7051890192341211
0.1564866688256323,0.20519356199550726,0.6651605805674387
0.14652256409091471,0.21305445752790156,0.5938508189829605
0.12972273296978779,0.2032828398827517,0.5397540344924
0.11838546857440285,0.1611081826487688,0.6106795257500517
0.16878163528507806,0.22777598290937692,0.6531928142058437
0.13290529162438863,0.1288310147104106,0.8763828483240608
0.16949042354590643,0.19777392094561239,0.7558651961348137
0.21621140102048136,0.2907399587553383,0.6748690543276715
0.1813898032851594,0.19415308824615082,0.8312502507327953
0.1637054853808702,0.1443868603842341,0.9952809071299795
0.29207870621257376,0.36227304424384865,0.7510321580245302
0.11967795430419959,0.17223387097298384,0.5787360740433849
0.1681162511302839,0.24042140354443614,0.6160693222261643
0.1441544928785423,0.22256464354872876,0.5578356512469136
0.12016764492526098,0.15743871958144803,0.6362325938089269
0.19321330005558104,0.2589638297916551,0.6688706302920251
0.13495590459722753,0.16317304025269172,0.7045030503764926
0.19035972874099621,0.27796086803441994,0.6128910516997685
0.12159887079836057,0.16137830874608441,0.6295695597988828
0.1549653394250203,0.20273443269470695,0.665724798846881
0.051892137048005105,0.1139969024694711,0.27976318967566655
0.14424429784619097,0.18554137416792277,0.6696312259374809
0.11218935731942455,0.20859715891472413,0.4419492470514047
0.18545662884008957,0.19730489086558736,0.8385835146519799
0.11044039690625491,0.1890003478110606,0.47851973794601765
0.18237690406434096,0.18250269008440478,0.8897233459366767
0.11679101522450772,0.1567905047224372,0.6173270211474523
0.08376777308996004,0.14288906104936208,0.44627470165774963
0.11272778299969036,0.17608727977394378,0.5266012577327098
0.07474584201184495,0.11332607215722147,0.4830824978729873
0.20578533461859794,0.18591667182839441,0.9992935694873147
0.11469123335808028,0.1851681418238328,0.5113797245325744
0.13446157796101257,0.1419268997589098,0.8064826199645566
0.1343752507686653,0.14337441921109947,0.7977381976366592
0.17020396557684775,0.16418709533948472,0.9148341729675864
0.13468154422926804,0.17877093371525474,0.6414999454661466
0.13726790265292121,0.19278831446502423,0.6082728767992628
0.1452072883924268,0.18526427451128347,0.6758307219387897
0.13446881607974315,0.18268185798331715,0.6266019918091519
0.1750517995114836,0.20412724024492082,0.759584067885529
0.1357292983891443,0.19575133366749095,0.5912056700759216
0.15287282822912446,0.20144476613248463,0.6595993074435982
0.19112857911855388,0.2726389081124331,0.6276748256634833
0.13806385836947555,0.1571794620969447,0.7511404912217886
0.17035195650687146,0.19978009886135192,0.7525872565075475
0.06517864825318266,0.11676583330512291,0.3869166773736416
0.13021804429675948,0.18830068198830685,0.5853300324403702
0.06924964774986599,0.12733379066332912,0.38677594920646147
0.13102334361922877,0.19056441327789778,0.5826027100732851
0.13535320752750066,0.1566540096670649,0.7363565590989953
0.1008860982865321,0.17095046220753893,0.47315518918184596
0.07272908727518979,0.11474426559134134,0.4595357075444888
0.13307276811087135,0.1530275200899728,0.7389047933625926
0.2520410336336747,0.3205111086544257,0.7239718916696294
0.15915873202995218,0.13526088008608658,1.0288172895325303
0.07912607720698454,0.17064585101346383,0.34648411816540176
0.11954095063635058,0.16177808908805422,0.6152931537111396
0.11806130661789743,0.16080212777394776,0.6098259269040889
0.1434809992333573,0.1480477328824729,0.834062074637659
0.0930254483759002,0.11041837240329541,0.661352334638477
0.23070335715882273,0.3044115723695381,0.6921660550507621
0.173031001722854,0.25410081370695076,0.6022452249969632
0.12474421321866193,0.17262930742672858,0.6067579994383048
0.1098659128665992,0.16228299419966433,0.5537605052814898
0.11282115927575406,0.16299059761473625,0.5694878148441241
0.13596924067695543,0.18577978577464954,0.6242295963115484
0.08766823624960718,0.139321251421792,0.48569931406044503
0.1623787373823064,0.20458552486791476,0.6959374934968126
0.1663838527514099,0.1819776777491734,0.8044055433720625
0.09053870212869428,0.1562004105486111,0.4515910161884109
0.1400939003563033,0.16835464514094883,0.7133387989132052
0.10544991323046837,0.14565302679525,0.5866676107636855
0.17224511438002665,0.2292109921455305,0.664213844872515
0.1147689407018689,0.14354553406624806,0.6602012477666622
0.1565490106757636,0.1802182460495909,0.7576869360840923
0.10055665645362923,0.11660583480227123,0.690845844808961
0.1718476393668265,0.16993270743690195,0.8935751195702533
0.21476620590958567,0.3096668705903182,0.6289539644273302
0.13962588851669508,0.1321570056089198,0.9051800770266624
0.16302849102104622,0.22755962057282933,0.6285319454348038
0.1972236689594271,0.2384027278918714,0.7433793670339531
0.07040003701861373,0.15143997405168724,0.33280537278362143
0.11356570826601492,0.1589804394924473,0.5885359769084042
0.12822585695689864,0.1575820258267057,0.68679061834067
0.10724749499895468,0.15080617093021598,0.5785406158168923
0.10429571623207516,0.17320192903020623,0.4866904006442912
0.09185621029370529,0.13645027214171063,0.5266109709116513
0.2044470375000375,0.23386313395121602,0.7886965097222775
0.15052699713407697,0.1588862395679282,0.8215122812965382
0.08268836189721872,0.16247157021317324,0.3858420387946489
0.1312425096300869,0.11338119709074561,0.9811371945654535
0.1429593359903657,0.16494825651465578,0.7454418651550928
0.15105670484260023,0.1872696484004178,0.6998288615482222
0.16830873544584404,0.21953555981451234,0.6755567780051281
0.10014940005185499,0.164484741676096,0.48727559307407065
0.12685035853984888,0.14887237829202773,0.7177312525380057
0.13716732259710113,0.15361214702484127,0.7627477700585326
0.09665140460044468,0.12839006667887948,0.5970197429070581
0.07315366735432008,0.1522917530718986,0.34902525108648297
0.131794092930039,0.13550757376408368,0.825002542844362
0.12165963646320475,0.1558395954786678,0.6523350894934817
0.1255287754004329,0.16933462808152658,0.6231966644744735
0.15525966056889873,0.17462728772776168,0.7745619961741844
0.10667042681420688,0.16588968720658293,0.5224581966103531
0.1414183164468484,0.14314596493266504,0.8482133359746662
0.10527883781620108,0.11775526128177481,0.7242040558352515
0.14785957641046016,0.18520852080825945,0.6903547193858817
0.142522062382268,0.1821533178577513,0.6726315162590064
0.11134620115283546,0.150188431918265,0.6082106323777823
0.06513870087196798,0.14975367548169496,0.3014196528183742
0.0982377622109169,0.15358023157920056,0.5094259945204607
0.11696505231167355,0.1394484187367671,0.695347090989334
0.09160575952826253,0.13679412515534822,0.523456394395187
0.13276598515499766,0.18341942578568557,0.6147984853401397
0.1162866003533928,0.18145534055429027,0.5306352519538242
0.10050973983849568,0.12414373243319247,0.6485203744121494
0.11705487693836317,0.1603840808917696,0.60514033811035
0.18291908542214913,0.2313502776171126,0.7042095955111933
0.22470624648460372,0.2636722622489862,0.7763662538431867
0.11925035534018354,0.14304195989346635,0.6938548340228449
0.12462517209999419,0.1968449684251303,0.5315105229107657
0.2568148410593739,0.33120035926213165,0.715019879769951
0.23426324607322663,0.2533713180741233,0.8456491749020477
0.12482779524666797,0.1803691283013806,0.5811847971650123
0.20773793771097745,0.23000105366291798,0.8162481637415455
0.16752729074835804,0.18090545263147328,0.8154938870133966
0.09356783179500468,0.18163619504485654,0.40502847891543037
0.22925826638486094,0.28010409818198967,0.7470732050799962
0.1426159657561125,0.16138567435303292,0.7597698262107746
0.2640442020611607,0.35532822830277627,0.6868134378932875
0.189248007018606,0.2161353270335107,0.7830649868374593
0.16723132306398822,0.20484327596121446,0.718751066507379
0.11851442044957249,0.1396929115373694,0.7052213270192939
0.1255681779806415,0.11204305259777723,0.9422108335411044
0.12917707800705713,0.15760145926346272,0.6927415426055513
0.1465348350288941,0.1884892372483249,0.6713106640788777
0.11202133403716728,0.15606185687945348,0.5896465406550117
0.15620864175297047,0.13281130847920952,1.0255801506111415
0.13320182966724295,0.13380642830536243,0.8460118927089414
0.12459258527234379,0.1724474365612985,0.606518643349999
0.15216952874511358,0.139989765177506,0.944137084432734
0.10199952958752685,0.14221826316192593,0.576575242619609
0.1310732786076887,0.17717660242247607,0.6269071485118302
0.09770519678344765,0.17586774300146876,0.4418388242055207
0.1824208743158571,0.2170851733190753,0.7481896245264447
0.14159225408779766,0.14463548626227055,0.8406806464307928
0.11318560222476384,0.11459837469546623,0.8131494226894168
0.12445665162880101,0.159954837181034,0.6530384042751946
0.0787372960373457,0.20962173527671998,0.28020613396700994
0.08026171829621953,0.13917755263588752,0.4329844659208412
0.23343422500740266,0.27596793091477306,0.7734022728652388
0.14288078814107777,0.13702558738485676,0.8967725698992902
0.06821702008931685,0.21884745467017072,0.2203225080318419
0.1537195307155781,0.19318093587509927,0.6921983792543286
0.1980315010451105,0.23953284616395673,0.7432446276000517
0.11528668650138776,0.13213588178351415,0.7211265041353524
0.1217650809571563,0.13638610689157785,0.7461543061571216
0.1624603811686171,0.19465658338194128,0.7318549349501913
0.11889774943954204,0.20633146149748932,0.47931492716512086
0.08679755219354247,0.2009792494749259,0.3323604420260118
0.12218884650503888,0.15535365867453652,0.6577820398753718
0.08730848468470245,0.1384924160410328,0.4860084516451801
0.1303496818304155,0.16184111921996383,0.681839586640744
0.0998507268702913,0.1485865289537174,0.5374021954248871
0.11531847292222147,0.1906692256914337,0.49991535118770813
0.19693806802365058,0.20813378490089876,0.8501169961805972
0.06477776290736645,0.11433469059390271,0.3916375920096676
0.1292698390855983,0.16087746688658933,0.6792115838237816
0.13464837353129538,0.1849980448420895,0.6197274875480812
0.10752143294022438,0.12240490661755082,0.7150157241137527
0.11055065196083833,0.19372676110321835,0.46741426659475604
0.13447547569417914,0.22229013020970648,0.5149822692810698
0.06992080220913449,0.13616735556256268,0.36661358372490505
0.1419949764193272,0.19104666276399973,0.638561148644757
0.1309060622919937,0.14524982301542022,0.7635538549346083
0.146275893266709,0.1598920381956709,0.7897572305143581
0.1080880293435187,0.12098412257788359,0.7280957820462102
0.12258889473963315,0.12146559531361728,0.8445922030411528
0.15251852027073004,0.1925404958083654,0.688263109089659
0.1305279260461524,0.1492371229123679,0.740619518047493
0.15742202773398636,0.18636509072365984,0.737380735846899
0.15595106897366715,0.19441985228775716,0.6992653650021734
0.05530520459480442,0.11493881788206575,0.3071651966268673
0.08139221852822218,0.22977482787633585,0.2671842651156866
0.18634967639646693,0.19063232157760562,0.8726205242627059
0.11084943767999812,0.19325835380372353,0.47009319851842657
0.12377250100418553,0.13150774296688253,0.7890980307548771
0.07198022228049107,0.11919907901474992,0.4360790595878592
0.09229731863618659,0.1561856247912784,0.46289355203337357
0.11320526759018996,0.16353354843281334,0.5699458519881792
0.11554891267134966,0.18324791886971067,0.5214188147985733
0.15475767094074255,0.21071340488663992,0.639530603253456
0.194251361921977,0.22444330893164116,0.7763713819379168
0.1775860692619028,0.2261805833431479,0.6967267788094015
0.163154051881034,0.21309393947282884,0.6717884714843675
0.17696752402262864,0.17264301419731154,0.9092028701678738
0.2639097092920009,0.33306777980050756,0.7323125324163501
0.08913158262803175,0.21154200456206487,0.32679837165743153
0.1043007845367733,0.1331923585509966,0.6329250825939559
0.1737682641742187,0.20366200495548048,0.7550169419565113
0.16673988333773107,0.19382679499179345,0.7570670677598729
0.19619612320795873,0.23538689209071642,0.7485383813982897
0.16255397308902234,0.15863851532498494,0.8986088453802534
0.159894190108461,0.22450521448083016,0.6231222309556029
0.12452418777134527,0.1190631658020458,0.8778885314130399
0.2642268843725122,0.31936125941449445,0.7647354748671428
0.17207920740307997,0.2033926837676304,0.7477122804320021
0.07416612690113697,0.13888269718869561,0.39001350058418816
0.17151912019165305,0.2038805507151692,0.743175941305615
0.21219646882048396,0.2859902903995391,0.6720384407176143
0.18005755429096912,0.18694230575159565,0.8561869056202275
0.1443423645442552,0.1928683146615228,0.6447008403763559
0.11186646292699885,0.1554278039344561,0.5910555293294817
0.2369443877813723,0.31926319305301637,0.6795158117251143
0.16377823681225162,0.1486137314444829,0.9674626658974804
0.15964709040381853,0.18328064092620422,0.7619303910010102
0.14164863090649313,0.13841368927451211,0.8788771655759474
0.11862499074221278,0.19405438265827948,0.5082337713335064
0.08053132106143857,0.17743436676082416,0.3411476714825648
0.19877076810767508,0.21003028006817048,0.8511666415416418
0.17187193846380794,0.18575872555980794,0.8175763372951781
0.1355618703637619,0.15113794522613375,0.764611892737177
0.11240983278814623,0.15806286002517153,0.5846397615064661
0.15678333056453322,0.1538157014053725,0.8892676710815663
0.1252007196632774,0.18524798756240748,0.5678912955955148
0.079819751947517,0.1758962209343052,0.3400854869409551
0.17792001063494803,0.24424072515494785,0.6465752610862198
0.11777215244208894,0.13304313879956475,0.7348906025840755
0.0977443528712253,0.16094077854217456,0.48306186645451316
0.1423463223985368,0.1689978001752182,0.7239521595647234
0.08435912107406603,0.16436596651279492,0.39155989794916607
0.16921551785359043,0.18167177126778852,0.821346744253642
0.11031386181975007,0.15455434155182435,0.5843502092075913
0.13346827720296195,0.157527954640101,0.720305659158714
0.09961753631168183,0.22522812472487633,0.3534973103778105
0.10420855701644989,0.14167617262213314,0.5943734606738984
0.21434115201162993,0.21811050494188824,0.8910215125282882
0.09946357787774639,0.17293448499005568,0.4595010525651712
0.06764473283341894,0.1290566105975349,0.3691770038963738
0.17454194737657075,0.1974997700598434,0.7824917838119193
0.15780230710122806,0.19366847068172932,0.7115371263900229
0.17328660330848894,0.23905420777861972,0.6412211051747839
0.18925909825765833,0.2062568758595583,0.8206228158566118
0.06916662529846261,0.10984535172390257,0.4475985968167632
0.19759753266062324,0.22201517627976627,0.7999342010603304
0.1841751479665522,0.24603712967364827,0.6672779355876877
0.0977838900517451,0.1377793943102371,0.56455386845873
0.06706439448603563,0.10582262314307427,0.4447479479166155
0.09149884140658258,0.17153625660059674,0.41681474705991606
0.12691199588268454,0.16643270185641462,0.6423737323865595
0.24501475821767899,0.31230486966036936,0.7204971170074354
0.11076787592558734,0.17679921036174095,0.5133952563468539
0.12899439772575746,0.17845116301150085,0.6107799797232645
0.14246589025520243,0.20734234362780765,0.5906458281142818
0.09156865577881736,0.13051129281419424,0.5483713649263127
0.13042191829796282,0.14836412148034697,0.7442629471073964
0.23415492945062955,0.28023391666482117,0.764200607832825
0.1195714060041199,0.15213329346245744,0.6545010874210223
0.1293745599541731,0.17906988229849422,0.6107926053799211
0.24222812090422782,0.2632351418478141,0.8442190482025613
0.09735623635407537,0.13195460982064083,0.5862336788326057
0.15500451244502214,0.217125432778813,0.6217812013876425
0.2007818117324767,0.26155832804301726,0.6911720727269077
0.16745621545829825,0.22812936732489714,0.6463710358179978
0.12911276968132693,0.2245563270649678,0.4859037868470249
0.1307680002239391,0.180296311643575,0.6143664238840041
0.23906427910627534,0.29400496660431097,0.7451040083996432
0.13177366922569966,0.17325557627379867,0.645137499349873
0.17525227944221297,0.20042684501793837,0.7746082089368705
0.13088364254012902,0.12370580885957143,0.8963495211934801
0.1345990039079419,0.15417516687005103,0.7433039070717107
0.13804866237585073,0.16600911841612412,0.7110974595982488
0.12679272375372205,0.16352360189574386,0.6530722324830445
0.10307782668911104,0.16457685080073697,0.5047965511850651
0.27336365689245495,0.3557715944763997,0.7121525743654106
0.06860839519172252,0.1595875716672459,0.3045875984194764
0.13589069634084075,0.16992207400532094,0.6820226095946295
0.1076176698162962,0.16144827352539773,0.542698090868794
0.08547997079022343,0.15952944051525642,0.4104569700660445
0.1541231052646647,0.1760735612394111,0.7617447180630065
0.13053659367212536,0.17008384944878616,0.6498947079946528
0.16627378891399297,0.20189672373102632,0.7244980810528847
0.10138430015509516,0.11598314695376104,0.7016907394963219
0.12284826272544339,0.16115669389172352,0.6381879662693014
0.154508158251672,0.14020028528656964,0.9594000324374311
0.2158569534489769,0.23083243324948313,0.8484810851397784
0.09147443808082398,0.16417114328125954,0.43536541594507444
0.15802240576019735,0.20759912019651572,0.664850629566945
0.1353818888435529,0.15551650738858944,0.7419269554147582
0.26570864338586003,0.3468322760376472,0.7084364990275281
0.1620836285427835,0.15899801942800407,0.8936188579828218
0.1305769085729057,0.15867195385674004,0.6968900671176087
0.19279452864375693,0.23411804623514187,0.7380658237264066
0.18283481328925624,0.17769071714375223,0.9163945979098193
0.13728221243486866,0.19257118088318864,0.6090330437658303
0.22562779162739585,0.24167326878225148,0.8508503760615216
0.1396225757944466,0.1579318096201313,0.7574318060571281
0.13800164091585831,0.1440244247869425,0.8193168699713255
0.1601315896139175,0.17099208749230974,0.8195209010488268
0.20052877901673655,0.23991909644371065,0.7524568977321564
0.13344848924802738,0.11721530159874169,0.967864158524208
0.21342950942889752,0.2438679740037286,0.7931730692359797
0.11521741903932799,0.16703305687792305,0.5700513468356034
0.12993232051208894,0.19830937818079503,0.5543475629874935
0.07429471572732664,0.14179349199824728,0.38291401785913964
0.10661474416792742,0.13470952793752686,0.642974149594645
0.16416875319830315,0.21831738243588794,0.6603631446554211
0.21263623792473585,0.25452802166965816,0.7568370533864079
0.10419501788852895,0.20079063742564093,0.41931744910023006
0.19338966170536898,0.18672284974384964,0.9285936988602551
0.13257678910202264,0.14416396170391124,0.7808941136983777
0.12188164391701997,0.1472912970206072,0.6917017228978976
0.16571101594779677,0.19963741348649802,0.7298782998791535
0.09051351210623237,0.17638579233038523,0.3997686614926145
0.12652498734782802,0.17866042206522467,0.5962427834685081
0.204867083137531,0.22476294785366985,0.8224980358323439
0.07575794382653,0.15153279318651527,0.36795958586931027
0.08737793869397566,0.13217750642546616,0.5097534407790446
0.12901580371534552,0.1720400875756733,0.6336651256783044
0.18247823768718044,0.24875550647047687,0.6531643861578755
0.14975060052663358,0.22024892750229416,0.5891088869219673
0.3049301233204905,0.4084121920398545,0.6976533239553384
0.23115114625157446,0.3103829674092143,0.6802923111859716
0.14051749948342418,0.24261294544899886,0.496748016724272
0.15863134630676812,0.1373520752080871,1.0093138097603764
0.09007032924556002,0.1328858881594104,0.5272969930524405
0.126846075315374,0.14053005866598423,0.7603076262091994
0.16792955009131322,0.19536442500485773,0.7571979908196437
0.1265851858099338,0.16882688841694524,0.6313282606186787
0.09084069849518302,0.21571922130449828,0.3283930753448618
0.1234600075146652,0.17440164804040548,0.5932283821692758
0.10535816186747404,0.1155644474010586,0.7386195649882209
0.11099828053151094,0.16510503544613206,0.5511538778064734
0.15874160551525374,0.1820697796913214,0.7620243499523883
0.15876404924140813,0.20222329654773008,0.6861922024332945
0.21668302829630456,0.24008537172210997,0.819221208212377
0.12371303597259216,0.14883214065374437,0.6968456915087912
0.16727530536302265,0.20781672472866325,0.708678791638706
0.11459417748074718,0.14997882899684803,0.6307168692638291
0.11781358246384085,0.17203558977898098,0.568565972828673
0.13741419339256206,0.14440997416926993,0.813061522017414
0.17992679024636007,0.16507572229754733,0.9688086656261522
0.18003991531458471,0.19894938168046006,0.8044252963380943
0.10282588989525968,0.1371454497146936,0.6039273637409335
0.08634059746483702,0.12589761869020946,0.5269408441161886
0.12139231662075745,0.20142524528287498,0.5033744229943243
0.1155143403901325,0.16849896359815122,0.5668541713877965
0.12385381240101398,0.1232146855801821,0.842868785583444
0.1208955540634378,0.1492785551047648,0.6758877991056957
0.14554431539023607,0.1665279928146328,0.7538931639558231
0.15329135657831353,0.17733322611611263,0.7516434426735024
0.1470944411143038,0.1904455882177435,0.6673530340277142
0.13186138210704437,0.1594313402276478,0.701627308327964
0.16333590580774954,0.2118876304462556,0.6764713235306394
0.11391501223214051,0.13939348297435583,0.673740337268264
0.10279221732762936,0.15508322531019883,0.5338566899290857
0.17306102284881672,0.215741943570277,0.7094634465409725
0.11797425686256688,0.16600157578605879,0.5902007640507891
0.19465720608914902,0.2658735960078633,0.656918207417571
0.1093945108430671,0.12855940749593756,0.6953556537345735
0.12560365370758414,0.14930440388556027,0.7073043457480856
0.2030019952683729,0.26208672966725505,0.698249756867553
0.1291198111487551,0.19539621077830613,0.5584540801180681
0.19977353090112115,0.23117742469595245,0.7776431073992698
0.1894366183967973,0.23712254393017146,0.7145529715921634
0.1273916088061418,0.17090630235038207,0.6283654103403035
0.14273592123911782,0.14614255557824277,0.8398369711921908
0.16728517888340044,0.22083777445964706,0.6669383407969155
0.15711610938907783,0.16590372285878982,0.82648000313884
0.1496656690864919,0.24914359955374044,0.5204455154326488
0.1549755266301252,0.19611948724243564,0.6882310805925852
0.1638229804367153,0.18370361113865263,0.7829077476771161
0.10930606481212872,0.15098015507156035,0.5915086308515192
0.17250162972974906,0.20255457600503385,0.7528915551429415
0.12259247288870487,0.12814516937326798,0.8005957102438105
0.17364257315948464,0.20458606592223363,0.7509923633698817
0.18695513185603427,0.239562550817689,0.6969166561558691
0.17317602331883736,0.1964783134807647,0.7796077877767073
0.07932281245032793,0.13242079885449157,0.44798712108294886
0.11649931868361257,0.17164401353612765,0.562206142210147
0.08317569574007147,0.13016407327911939,0.4853543235743681
0.121094336505325,0.14609676452731263,0.6919683459959548
0.16500354409824886,0.14619437414969585,0.9918544741658277
0.10270121921693079,0.17323669164096658,0.4773885857179104
0.26208945696789016,0.3344898987601721,0.7237571534005196
0.12837171020292706,0.16014178484058156,0.6767235066775936
0.10540320163044281,0.16088619695040635,0.5308298862752571
0.06144969998375862,0.11896089071334703,0.34843131835350405
0.10670874903002565,0.15750390672529693,0.5505180844895147
0.14266572327173402,0.16434622088620646,0.7463860295069877
0.16293305730947744,0.1817421486981353,0.7864606990362053
0.13135301216836454,0.17892075756721942,0.6223593823457286
0.1510006458566426,0.1792077099219037,0.7309989392405657
0.14058427846405921,0.19285431596610075,0.6252609793044771
0.0841071133942004,0.2043498874625374,0.31371249669003554
0.1006687823361032,0.1508324067586078,0.53482394181514
0.11947898598673036,0.14229889137790966,0.6990847576074185
0.12968127898060353,0.15531321203704787,0.7061941321156924
0.14775488650186738,0.13956994001419556,0.9153467178453579
0.08362348936573992,0.15878303382621997,0.4006945064128994
0.20641798825326085,0.23333901838436574,0.7989147702086643
0.1273654314971162,0.18719793559084347,0.573539612807396
0.10961631901635585,0.1470025801315541,0.6096241231695205
0.12351900676950954,0.1615074134521624,0.6409551398095499
0.17208615029782423,0.21189028058124929,0.7177589735622953
0.0616439776053475,0.1322727048015746,0.31483424844013436
0.10212161617385984,0.12548310389744288,0.6544436153012098
0.110818536321045,0.1369150842930337,0.663320165122711
0.19241757179921948,0.22770318957226163,0.7572031473213192
0.20403078477328793,0.24530123200197415,0.7502236465400504
0.1324013034145965,0.16787856006669802,0.6695393585097439
0.1998733723773318,0.246412731136066,0.7299678533168321
0.10020023342553781,0.1308246344190605,0.6130361745834394
0.27697553896247795,0.3589272915087458,0.715954303397451
0.13809215758931487,0.14767461986075167,0.7996780875459081
0.1514233408666646,0.17803092261296333,0.7382051327812138
0.11070529815601872,0.20913728151640015,0.4337117586034309
0.14342411564842864,0.13619035549782696,0.906261792160444
0.0782706749057449,0.11494340744992321,0.5069509961337397
0.11246493066652487,0.16109605162831792,0.573973910172924
0.08644816750722012,0.1910580469063693,0.34779046778272565
0.191452142346892,0.20819588739200215,0.8235135885468906
0.1540187656948135,0.1909632090086639,0.7018041139470648
0.17233280035876053,0.2219682063862566,0.6862820709272189
0.10263190612324856,0.20016762953131575,0.4128135319218585
0.16823424946829774,0.20496855018106241,0.7232048494139834
0.12441840946615497,0.1530555194318303,0.6822257038084935
0.15859356644737727,0.262609763429393,0.5277548124544138
0.15646141376686207,0.17889196629339493,0.7628146562101963
0.13618775870693942,0.1727112398173407,0.6727284155323041
0.13241251870810605,0.12209948716636962,0.92066331576754
0.10568449104139496,0.16893468800092248,0.507204837889345
0.23699027276369758,0.29339522467760293,0.7395835191323824
0.1063190250506633,0.1497546499957357,0.5764029701456432
0.10079558406134317,0.18374164421262237,0.43972385469593406
0.13432561618405367,0.17010797490626156,0.6720767574068947
0.1942552111764431,0.19343972241915222,0.9008243446444809
0.11768332793227096,0.15899642165761727,0.6143743797116524
0.20940449238835243,0.2455122281746095,0.7714666344588224
0.1151730792340458,0.14519993594081976,0.6554622673720476
0.2132793431740675,0.2302638456266837,0.8393820690696815
0.10357745801155387,0.1345426158899903,0.6211969156292572
0.09624427207229659,0.12567690767503967,0.6066689058696441
0.11182003217228324,0.12211661709283841,0.7519044857136652
0.14065493004043242,0.17409307653777845,0.6930484108841062
0.1510542285006773,0.1703636213678879,0.7692618145142336
0.13227092141476263,0.13910954634445208,0.8070684174094438
0.12124809047465708,0.19318706790392173,0.5240935201988317
0.18184775373240716,0.1882917677536471,0.8595583102930016
0.15451267028795274,0.1873160257950617,0.7181055102841017
0.16372059331048064,0.20949207005168674,0.6860431197945646
0.14749845860424335,0.16787066113782323,0.759504119064415
0.1390251993184826,0.16352220390449582,0.7278840211082194
0.16110731025267283,0.1885017939307768,0.7485727711667903
0.12480919483753586,0.1950559706017794,0.5373288216412061
0.19165419647568138,0.23107544553519957,0.7428491420977631
0.0918616963620545,0.1767586695818725,0.40655259813872396
0.15384099942821197,0.15065777058725938,0.8883776715034603
0.10609261000328066,0.16062958803522184,0.5359698113924242
0.08096974574567178,0.12715195526651793,0.47950301368056536
0.1788650485006095,0.17495255093572668,0.9080464826087199
0.11113862733752143,0.1690529034992444,0.5391130554461537
0.09635202788501875,0.13875355865019554,0.5502707723519071
0.15600399827900366,0.1980106505179353,0.6868519340917209
0.1156385614547367,0.17049040510882166,0.5609615473298449
0.12554938791029993,0.16375891353243432,0.6445413298946604
0.19190003479813478,0.23135671439069774,0.7430086273953692
0.17669130621121112,0.1915167372933763,0.8181598560296192
0.2059279404154257,0.2469647806752227,0.7528520459762842
0.27710385017390854,0.3652658391580572,0.7038814545771278
0.1281600488917542,0.1462479240979901,0.7395663874126789
0.21919144972934648,0.21980632926557025,0.9062134397808134
0.15960641928285685,0.18974277922995408,0.7357667040054489
0.23680650873177564,0.2728447466394106,0.7946149280942739
0.11826903541631922,0.16392780066453813,0.5994653439987094
0.09516251929082077,0.16168173204799421,0.46487947858270867
0.2060684469253659,0.24857379788925427,0.748544088336551
0.21785191720141758,0.2829368148996547,0.6992795097081551
0.09178341625716756,0.17188717657288713,0.4176193808543273
0.15916236324864505,0.18740925800770267,0.7425586373268998
0.2046369452029274,0.21759389251796918,0.8485391895256429
0.18571906532165108,0.25620514856736437,0.646821760797201
0.1733255472131311,0.2496353345988526,0.6141980960328195
0.19115488866143687,0.2055190933344648,0.8327931282905033
0.10900373599024206,0.12945876862102992,0.6875064311077022
0.18017826170650075,0.2146764989314635,0.7461378516222142
0.17086717856092315,0.20043083782665297,0.7527144036158945
0.13168826457500218,0.23070425416590878,0.4841187908684277
0.2266326051363195,0.2576555285707613,0.8019723321386869
0.16764561484464177,0.16872263462971682,0.8750788841619784
0.09156270634093282,0.18157250639181574,0.3941274357170985
0.08923093781500589,0.14595289455400157,0.47433754586751903
0.14681040249365704,0.1741688935889554,0.7280886952921339
0.07884003569401744,0.1564715167451777,0.37604310942956864
0.17930366249306978,0.24339553639064213,0.6545052750572733
0.07526340087107207,0.17898364135969197,0.3087623005725576
0.28523319670536407,0.3757857796638594,0.7058095624124343
0.1310553014862399,0.14359279818641818,0.773404396939624
0.07103178733672426,0.17992051844587947,0.28363517278366857
0.18678279735058972,0.18354718860454372,0.9086644073308405
0.17540845920789175,0.18657149699331288,0.8329699965555936
0.09603347191677893,0.16492866792696084,0.4610082217510577
0.15879223761604044,0.19503641276133235,0.7116221819865075
0.20939165190021594,0.2819048422266542,0.6718283034952031
0.21015573439036597,0.24788130713262943,0.7671241393310176
0.14667852328981193,0.19225732536306403,0.6589008925958412
0.1531942081886873,0.1985687587982643,0.6707712179638782
0.279883509174453,0.3617443541230588,0.718417595775511
0.15038015464131727,0.1910316536258301,0.6825055019242533
0.1421172765880548,0.18889121596646455,0.6464952642887073
0.20053687500300976,0.20898796684272758,0.8638625358696921
0.13584530181015514,0.13800680111637478,0.839417339385094
0.14645096438594266,0.15344723331448698,0.8240680633634103
0.14693128974098343,0.17178876513267768,0.7388800405134209
0.14422310546223668,0.2013064471998863,0.6170845851692466
0.22862955080828332,0.27048095024101604,0.7713280754980374
0.2026442081086535,0.24033145312383505,0.7599679764535141
0.11302673807234728,0.1991665200411966,0.46708020029222364
0.1313053261950037,0.19678013132236022,0.5656329500698734
0.12395553032572983,0.1445911311422985,0.7189620103561027
0.11138468972350099,0.15804365300906906,0.5782243575340354
0.17802521064545007,0.22232209922930019,0.7107939840135501
0.16550000105462515,0.2000286588349161,0.7273957736961406
0.17216904166981986,0.21572944353095777,0.7053698335247557
0.11896317310769877,0.15479553392865078,0.6393154285272431
0.13926949798033944,0.14525260695600598,0.8211177787429572
0.08517078177276151,0.24167354990570442,0.26966451975480843
0.11311579641069636,0.16553693938144845,0.5625076599738785
0.10970631102330952,0.14875939659077644,0.6030295435392455
0.116146345317995,0.1689502628462904,0.569080767903085
0.12964252788513264,0.1825043613207087,0.6007666178040619
0.2339573517185217,0.32601506640848155,0.656280564194672
0.18665930115524132,0.20768688840789484,0.8024546105574283
0.09399485405892614,0.23872563512609424,0.30995772205126715
0.19519634801846147,0.22343572427656377,0.7841017750662259
0.12024812286447258,0.140047283847416,0.7158162594120332
0.18561848417479004,0.18187246697344212,0.910629777727568
0.13260073774974593,0.17611671736148407,0.6393529213846862
0.16641491994335036,0.1888888695984474,0.775137890626425
0.17364363338757074,0.22511601702468326,0.6825086700548909
0.15436196114943646,0.14034968787954094,0.9573370855285149
0.0854285634951204,0.12492568490029374,0.5237398822134979
0.10401304861617641,0.11646960569713254,0.72133023987944
0.10977560624965897,0.15723584957744008,0.5709614346278179
0.1752338776486637,0.22404366938210957,0.6928733049087417
0.12434942932779984,0.15571518319878583,0.6701300874082874
0.11595614170356253,0.15247200743689082,0.6293361208829064
0.15276833248670046,0.14171981373669737,0.9368367695809428
0.15663497143608426,0.15382710825033263,0.8882372748873982
0.16101368841886382,0.1433346867022343,0.9838071416153988
0.11835119808922312,0.1809900488403635,0.5434066608599607
0.1528270197235277,0.16469521953516308,0.8065019743646451
0.12392888765248045,0.17432205952381508,0.596188961605758
0.11516049768967988,0.16103896403287313,0.5909159827323195
0.11152041492902483,0.14808112023022976,0.6180424269260866
0.12328199409936975,0.1541340186194365,0.6700791624357593
0.13196130006426326,0.15756111939813724,0.7105896460493598
0.1501214777340042,0.16835556784251154,0.7728967886332487
0.12309447941540283,0.15549556457691777,0.6630059172164097
0.14902481763170347,0.17960929029856543,0.7183638297174099
0.1264861621114688,0.17043941761944975,0.6247742664154532
0.24848882890941132,0.3281530023159171,0.696287485705958
0.0946985497892591,0.16685474934897915,0.4476860867353915
0.12636206025771804,0.1613784888762507,0.6590844975582791
0.18856367217609168,0.21663504243773393,0.778099749141651
0.10789586694909883,0.15120882405436709,0.5812879473058787
0.11713632808797789,0.15425533456664212,0.6297113053552945
0.13747234533782443,0.1316585633524144,0.8922499406543173
0.11997090059896463,0.13332734701313084,0.749815419256178
0.15997158091583363,0.20900412073989605,0.6697072785948902
0.10302703479945974,0.1711941322289155,0.4849876203025379
0.10396997427868743,0.15374679337001582,0.546157564903487
0.13281609613382678,0.19034800453189601,0.5926833665068579
0.08599270358974724,0.11977781165282922,0.5509593361166442
0.13340116384971734,0.15614511013382815,0.7262549800792607
0.14565963684144068,0.1918295610995214,0.6550587725957853
0.1567257917711037,0.19272419284817313,0.7094376152288022
0.07974294409326675,0.10603706757567669,0.5634156569883387
0.23256280205435712,0.3206549688709497,0.6629019434902468
0.06471987040103308,0.12146415176502529,0.3681734054961707
0.13041293504588936,0.16495566542757195,0.6693491536631642
0.1507620643985384,0.1836733886976622,0.711927107817349
0.10908228867571511,0.1595614429089474,0.5582945795153613
0.09019138256060186,0.15388914988610097,0.4561165138188955
0.11146720619032738,0.1523815476694828,0.6002511956941186
0.11953840041896513,0.1317978475210668,0.7552354024829938
0.1077441179408733,0.14605488543467127,0.6007612664221373
0.10681672906707468,0.11813515536554561,0.7348932567823496
0.1703945910068239,0.18629589160793186,0.8072888226828755
0.1015765237083583,0.15099417028966672,0.5402627369776076
0.13506282425773317,0.19281031210472102,0.5967669623149571
0.14495521877127196,0.18529401149538025,0.6743618844605096
0.11884743536050342,0.16495409236114894,0.599242091818418
0.06005775139136281,0.12905081274275693,0.31040293772664423
0.16896959823574642,0.1952641051135682,0.7629133790314596
0.17551725899158263,0.19274165579212652,0.8068689581006262
0.15693292643138534,0.1986614153544574,0.689277916333505
0.07986223791252765,0.21416042639023272,0.2795205394457405
0.1486205253553035,0.13932315157751704,0.9231812796291882
0.21043211756969432,0.26172157269860846,0.7276133778585797
0.0649458929409031,0.12399170575264325,0.36249112525774685
0.1383752985033342,0.14778948603909245,0.800972394423391
0.16737477351690258,0.19513395173001793,0.7552492644683707
0.17458179673389224,0.16700043048881075,0.9256371153141993
0.12847504388646835,0.18350308939070573,0.5911347010376955
0.15384805967579138,0.19974223260307658,0.6701039531372984
0.10502905577290776,0.13434409116726065,0.6329199522965633
0.12380458174639215,0.16360924965858614,0.6344664617862853
0.1330374262214006,0.14727426437582067,0.7675300684778634
0.09439127721751249,0.12294586602264793,0.6050734329189144
0.14168768544298402,0.19412227604391946,0.6268610070049488
0.15928812538121334,0.18574486362006234,0.7498895133171737
0.03178225337607887,0.11777734670756038,0.10003836650637117
0.1485335444301433,0.18885818166715315,0.6805823464755845
0.13531969920671802,0.19594979361231826,0.5885165637626296
0.09753036612465457,0.1441689664474488,0.5377743077107738
0.1575682855971453,0.18277003161666414,0.7526851332261982
0.0633712863837357,0.13142562126447083,0.3300063257563656
0.17621660050679974,0.20182639451305873,0.7740147213336465
0.1867048437296055,0.2255720382933165,0.7390315084746247
0.18005259308122293,0.20275703225158218,0.7893812180217192
0.15976316430034823,0.20163450457324325,0.6931510288685715
0.14503760360216925,0.20984564368538985,0.5958551314490537
0.1527548146526956,0.17664507303114738,0.7515342057080036
0.15063012888711805,0.1842520483958866,0.7089751784275651
0.12805872920562483,0.16877301180409182,0.6402607149717583
0.11357672927385491,0.12256057077064939,0.763514143949014
0.07209370707974352,0.1203896670998684,0.4327091214275853
0.18156811291110433,0.20166842812405966,0.8011571985462843
0.07062749848641302,0.20990330496962747,0.24119438468936302
0.21189416763588795,0.2446761561387204,0.7842781685972399
0.08317122723868813,0.11115538329777129,0.5683146003775665
0.23230675681754073,0.31069428592400455,0.6833300979003866
0.1402854737111157,0.1473472780738355,0.8163399777961342
0.18088642895832407,0.17771346945389327,0.9053136459083375
0.21069076290742936,0.2831646791130647,0.6734270796227679
0.1679586377052705,0.1931490854775078,0.7660333329535763
0.10619571074050962,0.15359325031005994,0.5611946525417337
0.173708102082742,0.2076618939566668,0.7401844370870305
0.1422134272053098,0.1500938831205408,0.8142465546524628
0.14186942344109996,0.1934137593925877,0.6300969684050846
0.16350140271129326,0.2028703204161776,0.7073553313116863
0.13075679771097207,0.18187080151089588,0.6089861417602903
0.2198149726069725,0.3280160145315963,0.6091622474357125
0.16873282851070523,0.19645196393196596,0.7570951469959012
0.12814101009501758,0.16305246666520942,0.6632282988828385
0.08169178509638546,0.16587859987367343,0.37190924654155194
0.12841757290885217,0.15618276661057448,0.6941711640899545
0.22264453315085284,0.27590622210849425,0.7344688771504659
0.07002471298399782,0.21877677023636807,0.22865641964615682
0.26061061483059156,0.30735594799501426,0.7828402749326153
0.18873246208299937,0.2208061730204508,0.7641655112032197
0.15616419363992246,0.18792854446011348,0.7245530157810719
0.17481853332024555,0.1898533535985506,0.8154637797318713
0.13225975244784038,0.1815223268431853,0.6184349572866596
0.21753505167133383,0.27850184264542827,0.7092773598730675
0.14891510175123998,0.16148652312119488,0.7983025410392285
0.17589309051336477,0.21650673442193405,0.7200380668508731
0.11777544062196155,0.16441642747522733,0.5946817001402941
0.16072504974865554,0.21743802389997288,0.6471961399602891
0.18835289076121706,0.23726768821179553,0.7095483250586481
0.16698483014637405,0.18733727593908087,0.7846000183870039
0.10311161995467562,0.14569661970478906,0.5704430214172205
0.19138588054552264,0.2432734114993337,0.7044990222698136
0.12061395354920369,0.16286434823192875,0.6177776452703037
0.10989829626394028,0.11813710714065807,0.760965783231041
0.12273639183452224,0.16184356243294862,0.634788250395104
0.08168185877746291,0.12064278857513869,0.511276799102221
0.10342563039007621,0.17817625658019695,0.4682196830896288
0.1525512065620456,0.214189010616047,0.6188515749748502
0.18238366498888045,0.23805222332014575,0.6821346287973877
0.162960558765873,0.16207863191247462,0.8820444563171923
0.12262629617270497,0.1349062427718302,0.7607231071306242
0.13350783829811186,0.1349272763672745,0.8412519792450376
0.153041665968656,0.15092533185996204,0.8815065325952067
0.12586569034884754,0.15114676774553354,0.70041650197297
0.16637798173622528,0.17447840300299308,0.8389461344033179
0.2551614478776338,0.2716486936184186,0.865682233716029
0.3202306168003343,0.4212435564480952,0.7127245324103328
0.11720463757548741,0.13751594065168093,0.7068608709276878
0.13193449057406678,0.1658731627625776,0.6748197762062577
0.09281767066340732,0.2064220130490552,0.35276116915933065
0.09327723282807442,0.10917416952528626,0.671195697175442
0.14084823397112195,0.13267210459278841,0.9108790000885448
0.130185661727486,0.17527975425774603,0.628627431582656
0.1387315875472451,0.14682215717762076,0.8086762231916222
0.1892470737865629,0.19168780899030638,0.8829308169259826
0.18071691386952912,0.1985278533609189,0.8095434023423888
0.15470503298366098,0.1605739044585201,0.8388974126145035
0.10771281894480068,0.11171623235060299,0.7851394295998853
0.1295745407372196,0.1405755048367312,0.7794710811423576
0.1487483439485614,0.1904361422019951,0.6760709519729632
0.13923985581248197,0.17604309016995054,0.6773333488827582
0.05708997543587985,0.1170582575297131,0.31685056841432335
0.1444569660323908,0.1811942042978107,0.6868705680444028
0.13842502101386248,0.1760902672073475,0.6725245119562241
0.2275364201310037,0.28448226215531625,0.7295232348008288
0.1632422370073069,0.15686485699447644,0.9131569667790586
0.11552551973701838,0.16108096240237013,0.5930279923359387
0.14258795366923555,0.17635248662462238,0.69513028149227
0.11708499398172242,0.12591807772754648,0.7710171226707315
0.20087140549357307,0.23398397410514732,0.7730076650988644
0.08525726577436371,0.1181420777688227,0.5523626044740588
0.1606710952256907,0.19134793494360705,0.7351586797482214
0.09807250012089463,0.1804666533822254,0.4326145504318649
0.20413530952045297,0.24549330716778117,0.7500624422099077
0.16644071450852893,0.25744698682953654,0.5688189103005186
0.19245223599769326,0.2617260998595965,0.6589034723331209
0.14279780954471433,0.17287796021296412,0.7103150071497993
0.13195037499175893,0.1525264633356586,0.7339734531534664
0.1179755713406717,0.12268263319881896,0.7986099481732911
0.19151709421578764,0.2135343081304645,0.803229681063685
0.11657233162447833,0.17883570230147985,0.5400058846285483
0.10546109802811193,0.17380277366308017,0.4917130850499533
0.1255194577635096,0.17109380150821984,0.6167345446377268
0.14692410463937833,0.17063179933180125,0.7438478943339786
0.15797200773806358,0.18471697691761402,0.7469373418751908
0.09146912262315407,0.200988647047871,0.35558785868204645
0.16254672669840023,0.18720231345553945,0.7614581468954714
0.09153294975326987,0.12775635983519304,0.5599169375641891
0.0939788086089218,0.15470730579328046,0.4781856178645636
0.1120889164287042,0.14673800970567247,0.6275737050912467
0.15282123718670496,0.1700710709945354,0.7809748972003163
0.1450449333092876,0.1550529771541175,0.8064658647927612
0.17575977755855146,0.17339659704409396,0.8982862421397029
0.15806916487504666,0.21943594253907314,0.6292003182225347
0.12798728625524433,0.15766714931636713,0.6849066956780093
0.1399249624103204,0.14618505002253776,0.8203640686365071
0.20241146497187537,0.20989407600686677,0.8690643797203105
0.1620285239153937,0.1967847076412297,0.721745737348324
0.12464736744965328,0.15487699905332922,0.675680495420884
0.1555168139364087,0.19151345498691888,0.7076098854029084
0.16419508069103628,0.201699033304673,0.7149021903006589
0.2792739386145955,0.3750842894061154,0.6912417980105574
0.11796657906632647,0.19228678483720416,0.5094816013969341
0.10031014942887387,0.14051559867127097,0.5715390333051588
0.20328771622544248,0.25532779824499474,0.7178525702460818
0.1884013003066733,0.23411903542692158,0.7192977708950046
0.1931550931002118,0.22686548829155304,0.7632500403837712
0.08408131638668238,0.11275552459913137,0.5683208571332038
0.09607809278359837,0.15906725994819346,0.4782762512435067
0.0997768578734094,0.1666207417338302,0.47879307848028696
0.08247779290001153,0.13470389600929017,0.46381578225252373
0.10306778811479443,0.19452148653438708,0.427036568528947
0.22088715643260495,0.23296046578468407,0.8623229514757101
0.11343938815948178,0.17165634023264614,0.5443398597036567
0.0753376318818326,0.13155284915666976,0.42064943660725695
0.16694879741776003,0.2411733893980127,0.6093076760440094
0.2012649239007861,0.18191614999491143,0.9964201853758254
0.14723870570993863,0.128727224454687,0.9884366438330818
0.14538746968182203,0.20235083755878072,0.6196538210295193
0.12598736980098746,0.14132335234838805,0.7499635979460004
0.12587670467255221,0.1767045849721186,0.5991735001627604
0.2054949327646579,0.24250198917066587,0.7649212833223894
0.09869937444587358,0.13413997456532523,0.586695910006659
0.16645485930847229,0.20347306096330162,0.7197751811228066
0.20820942909587656,0.22911596730241637,0.8214592431589626
0.25377388679654206,0.3101878491400319,0.7536526251581398
0.19639987527080163,0.2195115394554104,0.8036018320878932
0.11702386896397082,0.14276431528220543,0.679608687732516
0.11039145500909216,0.24094062446666706,0.37516070695499243
0.16964773658621954,0.23067850944863447,0.6487285570897181
0.13678309965727894,0.1272019660594434,0.9180919389461673
0.1187001886072649,0.14126490762149507,0.69868865714139
0.14190080699171048,0.2319762424568339,0.525488324583039
0.12004744841725895,0.15533697936547336,0.6440671682038412
0.11488581172571934,0.13753880283802486,0.6898839437875824
0.12442645164081018,0.13592936635092176,0.7682405534887718
0.1906437852373864,0.22909427326886464,0.7448627274812721
0.07389253068610596,0.2846024616257517,0.18936073278583898
0.2056845009486807,0.24006569206604628,0.7734737077616057
0.16333498990567688,0.17129898590876905,0.836753289257735
0.13591083911601287,0.16561888494961483,0.6998648683770313
0.09834675075811047,0.14408532834995663,0.5437524531839959
0.2386955229334589,0.2855463830664139,0.7658844093381268
0.09129049177509088,0.13385922336746672,0.5325781069219724
0.1708248179404438,0.22489123943223255,0.670656706420494
0.1785384952210386,0.2159007036821325,0.7343120819765949
0.17974124149008255,0.18844850736926053,0.8476651989451595
0.18856839416953364,0.21890610018052084,0.7700488658403022
0.1347955924023816,0.15574142119391576,0.7370909519276059
0.22271466837765366,0.2740898707325483,0.7395919733767133
0.11014287437107144,0.1740395783147278,0.5179446838698945
0.1880594309928456,0.2555938355633274,0.6575253688041559
0.10500432728042079,0.12301522661655621,0.6910065495012496
0.13252437305540754,0.1317492098918562,0.8540800597420736
0.14433610309375247,0.20348792833539048,0.6110244676962885
0.1483590088009665,0.17486823961773867,0.7340327156123881
0.21331242822153665,0.2623613399462405,0.7368175061964068
0.12787118148125134,0.15107912624353473,0.7140045363206988
0.13614093435728405,0.15166431398765726,0.7657762812070336
0.1552977498180333,0.17564351849673335,0.7702974238730568
0.09921829247379382,0.13790118969377585,0.5744569183899457
0.09642100098296359,0.12623805709756503,0.6053721258075165
0.11508126589240482,0.18561419506130009,0.5122521252267571
0.052229311695692456,0.11397113951811892,0.2827848509013872
0.1090962252247457,0.20525544492733996,0.43407484394036705
0.17200239004517148,0.158860375836855,0.956830104703224
0.12811744345753506,0.16271776447195158,0.6644476944997101
0.11528172382164782,0.18382316546120608,0.5183336038338215
0.15521163687493636,0.1964434971755981,0.6882978506235439
0.1279303305035865,0.14056344268252274,0.7678406877623113
0.12941182934950687,0.1464785611117396,0.7469477343243646
0.09095364554649993,0.19610813596761512,0.36180878063221744
0.07438667154753333,0.18599440345660115,0.29241025824856925
0.10628233701620307,0.16578506991114117,0.5204469682490068
0.11257398599464996,0.12896811938079147,0.7178051943311343
0.11889734864470224,0.15915796528532722,0.6213785685649224
0.18774855251481806,0.20293326871409034,0.8266192802085917
0.15452921060979946,0.18778137686584717,0.7164140174875192
0.17975074007147807,0.21863048933594112,0.7306882976692689
0.1013677131280776,0.14882580071643325,0.5467312303134346
0.26403419528045907,0.357378216059237,0.6828457480464041
0.13244858459981854,0.163928499074783,0.6859611674265395
0.15993360844505664,0.19962183562946698,0.7009934960461834
0.0797828157986297,0.17311415056838364,0.3453375452113272
0.1832429857752073,0.17493764705483228,0.9331495451293031
0.11645096224617724,0.1447295613845341,0.6664219895610355
0.0399618432459015,0.11108768264329627,0.1796944789099543
0.08823244322493941,0.154885914766617,0.44053355870191585
0.08304160462506903,0.1034551904521464,0.6093614476910094
0.13800038228867478,0.18879082587924673,0.6250323962465713
0.18037657648924904,0.16575602594393526,0.9675459795560872
0.20302895538315024,0.22523011634316836,0.8126309143501974
0.09838887095797878,0.1552618905280033,0.5048815951641425
0.21932403877491224,0.26604566153259745,0.7492098823437867
0.13818166504027787,0.19896293954443575,0.593988334264048
0.19879113092312667,0.29254177666928477,0.6111644393451814
0.14026350656175054,0.16482402925262835,0.7296478984712891
0.0928217742865714,0.16228562301798552,0.4487259741948973
0.1487098858588277,0.21049767665126615,0.6114551376833617
0.17698638588583304,0.18025728873051913,0.8709017371304436
0.1679769654485627,0.18621682380528026,0.7946487456111726
0.10441132633949989,0.1768859383481681,0.47720766912150697
0.13757465124026552,0.17361832786430814,0.6772018408802802
0.107511784380104,0.2092496507481259,0.4182171108397311
0.22683189327183592,0.26508448791957095,0.780248949665401
0.14303734628903764,0.16133787587225878,0.7626067073453597
0.14692564671614705,0.17859738347190135,0.7106803260424933
0.09084812762433424,0.15343000045038413,0.46176189412998764
0.14102605865936432,0.17219902462170839,0.7028266212612861
0.13688911593164532,0.171300113549227,0.6823644976630711
0.1561285494243086,0.16514179438615686,0.8243131300002374
0.2286646213578664,0.27273657714012167,0.7650775101231195
0.0889626570268727,0.2461587655746665,0.2801551952288877
0.2168919818591795,0.2476196084147511,0.7951388951774561
0.2132733900536395,0.25656057507272345,0.7533245901045207
0.10869456437233518,0.1410398451860634,0.628861753608188
0.13783722946344776,0.15689855802223762,0.7510408696474214
0.1422130139916187,0.1738932443168201,0.7028048413942752
0.08391473230274078,0.1322756690013686,0.48319341557879003
0.12623376516785828,0.1597360638048544,0.66505811297342
0.12533506416020251,0.17644518686031715,0.5969846275466331
0.09943531371001622,0.12550636973447013,0.6329185831609584
0.13860541051143135,0.1719903343310403,0.689605093057987
0.11825036972939854,0.14564264660544451,0.6745989036821421
0.14541568938314545,0.13914566203071332,0.9013266209870252
0.12378292680927354,0.15482974966524757,0.6703035239265016
0.2706909172492413,0.33474262603921184,0.7489064664859124
0.09931428771591153,0.12058972164270695,0.6577201326569967
0.15135494594682478,0.2178551697445916,0.6029461963231
0.10261154477199834,0.1745059641501625,0.47340241449232673
0.11279523324291835,0.14358472172935197,0.6462751198406154
0.15821677220003272,0.19635881062428967,0.7038990089652502
0.1908872103230181,0.21778549092354513,0.7846583792076813
0.1697182837635844,0.21358623461568657,0.7009734687864033
0.2094893127093807,0.2774598924123108,0.6829430771485917
0.1013532891327918,0.12939838953518742,0.6287040312095177
0.2250356834500013,0.2858542422798651,0.7172735370820961
0.19108322416085158,0.17431427439819996,0.9814642246109608
0.17753982174005514,0.21481002958495085,0.7333913693157094
0.186363507597802,0.19811995154920645,0.8397110250477867
0.22556044061618577,0.2669231385827688,0.7701109829129505
0.15897896128641445,0.1453425011541256,0.9562169371162601
0.17356340707856194,0.19925036116754224,0.770705790336993
0.13630307849806167,0.15547376338371424,0.7480559804230243
0.13271324554708752,0.14270847500262224,0.789814659185563
0.1611035727058165,0.15677798323178216,0.9000216088837394
0.12305741012180499,0.15863357262102742,0.6496569951684009
0.09951212720847417,0.191004852925586,0.41628328280984295
0.1081854821607526,0.1544314868146563,0.5710330450071363
0.15013297562654324,0.1827414670503045,0.7121151960037655
0.16809515002398068,0.14525514283349944,1.0195518529332668
0.1620467385345712,0.17616483612844022,0.8063285594124254
0.09016632226242767,0.1147095163941086,0.6116870201192074
0.10456745644059567,0.22136784247575403,0.38202231857528346
0.11814655711468126,0.1670229147413889,0.5876233046624002
0.10716610863000844,0.1344296182768334,0.6484144621351647
0.13824599728744086,0.18225076566305795,0.648809330689189
0.10840733158347035,0.15189184100288142,0.5820413459982571
0.11792139112017948,0.11814141968213052,0.8288489454726823
0.09690582253362282,0.21826937972545593,0.35234361608740844
0.14816097014721585,0.18333956072012397,0.6990360926131993
0.07134960397443048,0.11962692835015439,0.42924786820679245
0.0675361698899515,0.15128049791612255,0.3142253664203823
0.13323869880475983,0.1296994962944691,0.8730851085779333
0.07589202842176736,0.13062930946361498,0.42786744147442135
0.11442199353046721,0.1581769968909471,0.5969388431085534
0.20072320112000047,0.23149302059276966,0.7806853124868902
0.13897292046459728,0.1674178623905126,0.7106345688913739
0.11291994330732479,0.17228566553785327,0.5393364736250164
0.11522582685566944,0.16057576020652778,0.5930274079549293
0.2590227376798103,0.32461553684242717,0.7363256238589567
0.14776786131058672,0.13443971216411138,0.9503729162601875
0.09764289094977133,0.20131306660326903,0.3856823218672807
0.07784952507946992,0.12099737139491404,0.47810563496176534
0.10928789476533911,0.17537655050037954,0.5091210570089636
0.11000728224434332,0.14600156518623125,0.6164816255876104
0.1560247470292588,0.17427718650706395,0.780508050167228
0.1770860283143413,0.17896551040047537,0.8777447004332074
0.15082379591547082,0.16278723878579202,0.8036489646932267
0.13823401807407687,0.17235440689353307,0.6859935884732701
0.16655740326722254,0.2028318851945182,0.722556037610518
0.12228585162875086,0.13321040302827422,0.7678518291626251
0.15491924267614912,0.1892230551306516,0.7130169343423418
0.10282377529458568,0.1593475933604669,0.51976797106202
0.1858536473989848,0.1861378936619636,0.8910257021613446
0.1754158530938291,0.24090170338969127,0.6451421924668703
0.11552213122234282,0.12197972232655743,0.7830984478437835
0.13997216342158042,0.19533738904472936,0.6141792106891967
0.17799282020838134,0.24180973167673747,0.6533765994976312
0.10821536697363734,0.11653263949477878,0.7570013633612909
0.17298715058467767,0.21242928164172828,0.7201792022377477
0.11716192649583826,0.1684554163750126,0.5767812551633129
0.1123272638621249,0.15277247933819504,0.6043448680160414
0.131105199935159,0.12439905045101862,0.8931354341720318
0.15724743235758398,0.1550738478263257,0.8850456365234045
0.08228559760968278,0.12100657474253575,0.5147290363536617
0.1366387214937178,0.18516999330982056,0.629900770685678
0.13597130682632463,0.17512660115373688,0.6622141128892115
0.09309088991004395,0.13377148132594993,0.546386189235278
0.09201118004657144,0.1495550826463231,0.4815027264360371
0.1812748508195424,0.19003694197114526,0.8486500000827732
0.11775173758179107,0.11856021984574772,0.8244901848948202
0.16868032834050758,0.24479056496636276,0.6073776918687128
0.11896874634849872,0.15295243100737943,0.6470557263893623
0.10192995255410571,0.1505687180217531,0.5441366150322742
0.1271278575385565,0.1640316911641963,0.6530924407242813
0.11421315362121087,0.18257883931076702,0.5160135422969301
0.08791538770919782,0.20213576138527226,0.335988977129834
0.1836369830360588,0.2608863269350198,0.6272347997632572
0.22588521668125974,0.2950380927487273,0.6978258799164769
0.08599935360863416,0.11348709225338087,0.581558239780066
0.14019510251684084,0.181668468024194,0.6616178571001856
0.16611469373010054,0.17090436647004392,0.854950032863622
0.20197310979213284,0.22438675026382474,0.8109797462558567
0.2686719633885577,0.3459413866765075,0.7188268676886955
0.10943778422451653,0.2011647917137437,0.44459959152188994
0.09327255522993652,0.16643562214530327,0.4402456294240147
0.13576676527041573,0.12181747672946512,0.9503296930662343
0.24781460809566638,0.3335128457899522,0.6830759623548203
0.16203105789286068,0.21242986414827777,0.6686021217512141
0.1301819934252947,0.1439670120548236,0.7653280557308272
0.17674584026598178,0.2587500160158538,0.6057809876865007
0.14592791245819028,0.13546519410598798,0.9295960729193972
0.10733503345771987,0.1747220207238194,0.49985132438325625
0.07291499577685243,0.28840444811309546,0.1834749641451516
0.11693215068163604,0.1776833486416769,0.5455331150760399
0.12156055173945811,0.16709973280947835,0.6077840462812357
0.1488867587539296,0.15279285112764152,0.8435391957327832
0.07829946602595818,0.12383881188303161,0.47076893858625884
0.1923449728055963,0.213197025256876,0.8083835719468504
0.13286732893302072,0.18278557123392683,0.6174848932062281
0.10529814966234774,0.1427026815815988,0.5977333342090941
0.13405445612458963,0.16160033783762617,0.7057810500321479
0.21831629190138876,0.23676578597607845,0.8376053621253604
0.13647930498860758,0.16771847780567387,0.6944929772351364
0.08190071607347085,0.144531631338078,0.42828490552823795
0.1671365429578736,0.22389458488872405,0.6571688325155373
0.16084523327998368,0.2364627836466032,0.5956338291715232
0.04682903750034694,0.14614012114314712,0.18358433871877916
0.14580885632420912,0.16143645335614396,0.779308846971898
0.14592918520710288,0.19536140174150396,0.6445960362924116
0.2011133685186996,0.21888260658593084,0.8274452289455743
0.20512962359347095,0.24549265039795226,0.7541147292734397
0.11459623774968695,0.15103808605904173,0.6263071799831249
0.10280485907012715,0.145042455464173,0.5709008359320062
0.0865409553755286,0.26116740211074546,0.2547827747174686
0.11157027680185547,0.15884740467584305,0.5764669368613308
0.0969904061355239,0.20188342281281996,0.3813607133405253
0.12987995076133335,0.1441711396178442,0.7621494222255104
0.17441113015212523,0.17274239689190724,0.8938809055008499
0.15743366706287,0.18305915693724475,0.7507609527011215
0.1361317435129963,0.17289767129844086,0.6716790494681668
0.2169277971180399,0.2770403151144226,0.710827220351324
0.14046585400068046,0.15710059295521703,0.7668071248783915
0.11954582543081056,0.20263324618013398,0.49126107046776396
0.1292044425993182,0.17908152780617173,0.6098029424760953
0.16281278277056466,0.19129706012318598,0.7465498041559039
0.1503770002740419,0.14738851149627455,0.884580480191208
0.13306626358896625,0.14297346429872204,0.7908199199309525
0.12590705122095533,0.1510758529497154,0.7010190520400754
0.1503591791558391,0.1555002699949603,0.838321239957101
0.1494039886201817,0.2040064733429761,0.6343131494784847
0.11370468388511452,0.15468227377589142,0.6057881203690918
0.11891584125922727,0.17786645193284975,0.5561242167048519
0.1829649544173217,0.21054628678871637,0.7740101091445862
0.13194556755518705,0.15247852569256679,0.7341726780654747
0.1193699620459446,0.14267502586139366,0.6964776172003698
0.17319495010562602,0.1500426087294122,1.0210096412139753
0.10840671751613981,0.1516602430133709,0.5829261232843044
0.17621679379832123,0.20015402540769853,0.7804828980087686
0.07663985865646816,0.16695706557425735,0.33924804836292777
0.16645323293647854,0.16093184776503977,0.910032631641066
0.197350815716812,0.241506623907266,0.7343517657921937
0.14930407884473038,0.20278004039754463,0.6376568354125649
0.1576979678100274,0.15625541337742035,0.8812364630045222
0.15000050599552894,0.2510568478615703,0.5178130256268081
0.09208732919603176,0.10624551916433864,0.678497594656471
0.18781496027676817,0.1806269092887943,0.9290695441644201
0.20980372550173132,0.21279758311823951,0.8919449305787848
0.13224779256897778,0.17842338847035227,0.6291091853556489
0.09347186187688328,0.1779301495955043,0.4129253082960352
0.1455750075324702,0.1724329223032749,0.7282542443467321
0.09013719699012376,0.17181731912356007,0.40820795800966697
0.1857794197180129,0.2631110450741096,0.6300739661891366
0.15548301192042285,0.16949566458156706,0.7993302498614874
0.16733234787344392,0.1920032267546946,0.7673430825289063
0.13298813034533,0.14884623275765288,0.7590929797282406
0.1378317069724249,0.1720121066115039,0.6850198471119967
0.19617292137969,0.2571510892910805,0.6850949839075822
0.17851437962159405,0.18940342833745408,0.836913993653663
0.1626144626258828,0.1899008683785299,0.7509942626571303
0.12241241209225859,0.11968782856654535,0.8556627128991501
0.10080211854137877,0.13774002864152748,0.5866277169991643
0.13787538833453283,0.14504435922388303,0.8126850914111484
0.1861995645220073,0.2134220948734869,0.7787364500406
0.09763646641565715,0.17127291764812413,0.4532909667315839
0.14819266695219624,0.19623295300506738,0.65326778703109
0.14549155829632335,0.14398942444616658,0.871533161404093
0.11243595891655482,0.155502180746903,0.5944351292860939
0.1727251796298342,0.19525125323416911,0.7821982041091821
0.10765655718061942,0.17126444357097081,0.5118199396963278
0.13689106155376246,0.1619118668699242,0.7219425222715127
0.17789418229548232,0.2069688355417373,0.7628886826473033
0.21434074736417705,0.2168937064938237,0.896018379259479
0.1320788056029231,0.16881929870350068,0.6638980641648584
0.22391491453439688,0.2765782106251861,0.7372775826174491
0.3007677938497591,0.3899376514282078,0.7200325303837755
0.12290246869056462,0.13728935621478464,0.7495298363084836
0.12447541930007835,0.15280961708351637,0.6836966239040995
0.1666530726168932,0.19328828868346565,0.7587271511160016
0.14287115168700767,0.1897459352645875,0.6475561730251159
0.10191602959261907,0.14089564725602927,0.5813950337568976
0.15788872438354368,0.20080449849989002,0.6866814509318336
0.11009861284636283,0.16690619555459016,0.5398158681107448
0.15055527977842773,0.18175507370817265,0.7183033580017045
0.1093881810707577,0.15855254284823642,0.5637763952882069
0.20235704526981216,0.224779602699717,0.8112704314787089
0.12277188404430958,0.16930723404507786,0.6070141339438968
0.13138224281814484,0.16327016412562667,0.6821959383371651
0.15831767116935078,0.17769489205088823,0.7783998153967161
0.06490998931247026,0.2060125150525038,0.21799641298988373
0.2389016765787781,0.2859515456114433,0.7655201726946638
0.11272376750251686,0.15777724203313837,0.5876878459001194
0.1495013233480705,0.20322861331771178,0.6372199329314826
0.13263959420302263,0.18405986845785288,0.6119725888471745
0.10713428421723482,0.18156536552827135,0.4799058673096287
0.10048253275348207,0.1385597868128383,0.5808505815774316
0.18296024598403396,0.21981440991368634,0.7413537904454168
0.08920164423137655,0.18852818629392604,0.36706258937582575
0.1491276918570137,0.15198179438780518,0.8496260514435322
0.15542911472779908,0.20012554387586462,0.6767207828891852
0.17533039745553655,0.19164924191266416,0.8104931483440027
0.13906816188321308,0.18924883541968926,0.6291619265141609
0.10396604625626574,0.1743646113742925,0.4815544025503176
0.22881445132027067,0.26159640472188694,0.7982313500916393
0.11078662293434473,0.1734494382349346,0.5234183740126943
0.08851090228819113,0.1117542168954876,0.6130498176392075
0.09194220385400502,0.11337709508673632,0.6345391350780987
0.048245358350286205,0.11073096760025414,0.2550809313999111
0.15905034291928402,0.16449449650213613,0.8453191193389156
0.08156657815983587,0.10483476978557298,0.5872725078307794
0.10691146620679955,0.1483387614042663,0.585898556682299
0.10612664811313764,0.19580552954599134,0.43985809957888844
0.10762024062082938,0.15042487662798645,0.5824850422681197
0.2132044230424675,0.30017450241919413,0.6436403541452607
0.18202845525877173,0.23440148044859757,0.6912433101901988
0.17844031892737325,0.18781585319755936,0.8435939577513373
0.1286114624376567,0.1481082108134434,0.7333250590304095
0.1543645032933871,0.17543612555180105,0.765888455817005
0.13303488737366784,0.1581173260024871,0.7148798315239018
0.14384278976382073,0.1439339734465375,0.8604138883848753
0.17312854224762816,0.20353027544120905,0.7523624773546788
0.11258844350638816,0.15158064199193264,0.6108197081743186
0.1792475059838474,0.19986432809915186,0.7967780318699261
0.14342396879365235,0.17095731752214952,0.7219577996575743
0.1724907271525231,0.22719676045485557,0.6711835452549214
0.1199274691607196,0.17686160078923763,0.5650037583895959
0.1100608775987602,0.12710921845259698,0.7085314400886409
0.1081647907674157,0.15165113932340996,0.5813658318741424
0.16590798558890596,0.1734184889235703,0.8413634929849442
0.09127488667523666,0.15333761380834202,0.46482324137588144
0.12459359042276714,0.16057264197530483,0.6513786479196939
0.13913651931458285,0.17225408638197826,0.691632470479651
0.16335899581697302,0.19226760152655406,0.7456222196498027
0.15722213939989702,0.18782530057353042,0.7305838935483395
0.10180233240512228,0.14138952132532173,0.5785600774254275
0.09207173140549096,0.1311578079476461,0.5495039337212745
0.10514956205252321,0.16772801585813657,0.507664516371208
0.12780231849349574,0.17062251260795497,0.6318176707501473
0.18200063310512354,0.24032294672994203,0.6740955672750153
0.13937467531500455,0.15061095245460934,0.7926028842489481
0.14873751907933977,0.2127059844276204,0.6052369397399188
0.11464319465556348,0.1662710914568298,0.5692101605054802
0.06158431466922666,0.1597018845376891,0.26038712560973504
0.17406976072602554,0.1988925213921189,0.774638280251248
0.08768416597434898,0.18323568420232555,0.369383104983052
0.09972488168736163,0.13399941571457671,0.5949643978834827
0.15029751476606604,0.18392749750276238,0.7084178088385568
0.11908118257607964,0.15310678610874617,0.6471377598227807
0.1982774778767051,0.2169248160854095,0.8218399401869825
0.21604600169350271,0.28034730305619343,0.6992969062170962
0.2222638090434389,0.2882609495990219,0.7016691276594796
0.0957731922344488,0.16185765360821275,0.4681471067031706
0.18106743033042239,0.2517129360607425,0.6398853902826597
0.11646384566611342,0.13967419071963078,0.6906347204813675
0.12982310014437368,0.13405881298530614,0.8192158180336202
0.18976376252079175,0.18754090721211855,0.9052092423162915
0.11466918530079076,0.14259350219674857,0.66390953193763
0.08640218040842354,0.12062967010485187,0.5504630854971787
0.17659464819151927,0.1742192644423186,0.8988365821241624
0.11195394420122606,0.18006235176151897,0.5106783472594714
0.08204870189920153,0.11769034536125342,0.5272199831578496
0.15354590807033783,0.1511000406272072,0.8838244352284539
0.1839407791227708,0.20240416605844064,0.809967414778586
0.07290046697174525,0.11175950059889656,0.4733420128782103
0.08706281313081368,0.21503606956561352,0.31186774045063603
0.17797481915300825,0.16215613115245878,0.9742142836676385
0.12600762342283103,0.13446325866393632,0.7883761294806606
0.09231963044136042,0.18054821059152046,0.40055578620482296
0.19918973531063694,0.21304517579097498,0.84108797416021
0.11212179246987827,0.1456702075121765,0.6323996789952939
0.19434301603969045,0.1916638209603852,0.9096292412730582
0.07135188731038988,0.1331335253184844,0.3857171752009494
0.10433661309726446,0.16121146257551844,0.523142782466585
0.08004504241176554,0.14495714237980592,0.4142261735157553
0.21685665483358366,0.21000399041861675,0.9373948296943048
0.10331330043166335,0.17453347865910954,0.47734853548863776
0.2099751098335917,0.27496913131528916,0.6908961341400888
0.09814151263217802,0.13545922994254653,0.5768637003570805
0.1361157184364046,0.18761304881557192,0.6189106736949257
0.15665640706665776,0.1727460050369302,0.7910828793837689
0.16102486693471255,0.16243302097062418,0.8682031897948678
0.11685424583301936,0.16873669585562145,0.5739963399300654
0.11075647355762058,0.18340670096331302,0.4948372828306566
0.14452863528224136,0.18564376893425522,0.6707935095109092
0.21065454354168794,0.24893676706199633,0.7658753899306746
0.18552846740903997,0.27666414846746024,0.5983011110256252
0.11214901789920893,0.21502341690561394,0.42855340699779876
0.09205679510884548,0.1268219919039643,0.5681727122170606
0.1883181529758815,0.24254834318197585,0.6939571335253281
0.09085650857809133,0.15802289046997536,0.4483939533529428
0.10026733022850333,0.23660315563459644,0.33924877296423733
0.1066992532630669,0.1711110354858734,0.5066841715783119
0.16636371328544922,0.20437587435358498,0.7161496617366366
0.09804217734629245,0.21433763919646376,0.36410859818586644
0.10457197036211063,0.16637210097507532,0.508330242068534
0.1188356589940712,0.20430440395374982,0.48376665936406094
0.08842926179411775,0.14830816969642438,0.4613991389293474
0.22387974090523635,0.27316241219976733,0.7463682109972597
0.183393399677167,0.21496621512001438,0.7600887403908816
0.16716296904384292,0.2071563071990053,0.710395792595735
0.13725742977517483,0.16139151506961735,0.7265402380329289
0.10096474384355589,0.13198541987164897,0.6134370290467778
0.1303083209249821,0.17902420206474728,0.6161642931668374
0.11877163971375035,0.17558882940151513,0.5625166478437612
0.17962095872103429,0.19973656344779878,0.7991574299952913
0.17640428867481933,0.22507671251197947,0.6948932518573857
0.13719215290084447,0.13141907630174018,0.891743848752745
0.07203716039093372,0.1290658847172393,0.4031829209162282
0.14500534654734815,0.18344723931325121,0.68142397244742
0.12377508502624977,0.11575868442703166,0.8964777505886763
0.13284950130367068,0.1596923766782447,0.7066680554892414
0.1800786627468863,0.2380929609047243,0.6723368139007843
0.19024635176870053,0.26026616627488486,0.6541240231313499
0.129299413680929,0.15962680237432053,0.6847184310854316
0.1667237151620825,0.1916379555711595,0.7656297246794657
0.1485255831066397,0.1677867565932875,0.7660055281847049
0.16617226382012404,0.15421672855281993,0.9478366270106643
0.09173798981028876,0.18223089807606255,0.3936653474667373
0.13478326093794932,0.17586865290172718,0.6526646963179306
0.171301668537321,0.2004660178757749,0.7547497084073366
0.19393115299322009,0.23744896022072487,0.7324991140476645
0.10146352620995816,0.1602814528424713,0.5082529810234662
0.1544832441613715,0.1680668825493349,0.800176942187851
0.14645292801247337,0.19332502456253772,0.6540949796779556
0.11123496661408551,0.16668901247766257,0.5473364156279442
0.13827034413000908,0.1478601540035883,0.7998797575115394
0.12059571915919852,0.18177260761795744,0.5534151733721434
0.12145794786607526,0.1531173895508645,0.6626154492554985
0.19924924495655388,0.2647018761876367,0.6771740629049837
0.14699750888405172,0.2526320064962925,0.5026976219100546
0.11907686091334851,0.19452365932458823,0.5093306452148619
0.18263033621259664,0.217997420144053,0.7460195451172326
0.13991658476354826,0.1864548239820203,0.6431401569696675
0.1259950110828873,0.15641000555397347,0.6776741085551006
0.1097731007126387,0.14168162804778456,0.6336255585823815
0.12006313185665181,0.20566092369220126,0.48654421102576345
0.2022240120633314,0.2584478002617066,0.7050708571665525
0.2622159271452671,0.3321765693230661,0.7291782428811056
0.16693902579761397,0.18826174618478853,0.7805038929862353
0.12238188463393272,0.12420881698426224,0.8242722788906758
0.11746555238125662,0.1263073992107525,0.7716535451626924
0.10294263909921453,0.1657624102838646,0.5003706145270029
0.16131062330352397,0.17195804775688567,0.8217738288312564
0.14083742892735426,0.15885682156466588,0.760668806898953
0.22208066261172577,0.28138442825009347,0.7181657630041888
0.16003786345316026,0.18300647586052263,0.765207147969394
0.17421322539083456,0.20594117010115082,0.7488217402819001
0.07529759086429617,0.12186870633312225,0.45374725414039324
0.17089749444947863,0.20700277684188872,0.7289636243128081
0.10728338600447859,0.13342609133497607,0.654170298561375
0.2132731014030206,0.21713212325674222,0.8901174939209242
0.17686222643502847,0.19220840988934754,0.8161049067797423
0.09228964936406635,0.18808394022299416,0.38434780384948886
0.22962775957511058,0.2694227236581757,0.7780626545854065
0.08721991307256902,0.14971462674343625,0.44898694626385965
0.15206574226753278,0.16540024846872842,0.798461571189852
0.1229452225422534,0.13873477419263455,0.742028976810911
0.17327146405091476,0.16944920713652217,0.904527478416743
0.10540038748122833,0.1918063710611059,0.4452427049674037
0.16952851143935452,0.2265652977828993,0.6599797625788068
0.12826090036506638,0.1518185209589404,0.7130941579541914
0.13374917675664483,0.15996648783950188,0.7110812914188129
0.175526731084245,0.16847928764128764,0.9231207779996069
0.11450234525813462,0.19773578768299513,0.4779223142430763
0.14015251698515033,0.17499033053079577,0.6866237501277548
0.1249541883594552,0.12300833070114406,0.8532282956871233
0.11292866691307633,0.1927633452003719,0.4820868138414992
0.06829783661800204,0.14394903098878536,0.3355204011186763
0.2911226369096404,0.38457420368010886,0.7049943400134082
0.17039893777476817,0.1831024184883665,0.82139241532915
0.13082251098584097,0.1560121941134472,0.710345185615775
0.14902104396664734,0.19198000757080375,0.6720545831787373
0.2007563241626642,0.24746723801293613,0.7304252700845004
0.13674043580953935,0.19217931917290362,0.6074557674153692
0.14363872392958432,0.19316559954937543,0.6400659549009439
0.12410015526711184,0.1554056754449213,0.6698607046948353
0.07755489709385666,0.12106655958850729,0.47539879954861025
0.11378642744035725,0.17880298876009065,0.5245238241861573
0.16865786636045196,0.21234110575244478,0.7000899135081404
0.08536340318027369,0.17621403002724262,0.3709318898737435
0.15190795795823306,0.16801916752945997,0.7850768450873602
0.17437967125014214,0.19752355701176025,0.7815759982539735
0.17191350593957525,0.18922695696998101,0.8028111235952223
0.18104093380990727,0.20220417221364353,0.7964273538320253
0.0953724301744142,0.12401770445458109,0.6077554048101075
0.15549832689895143,0.18154742014384226,0.7463522576723726
0.12092479687029029,0.17939899052035851,0.5625717100054538
0.13209377896790775,0.16157658905240882,0.6937501257162269
0.14253891468366855,0.17117514562684497,0.7158686165268323
0.17931821239155582,0.2058162126259224,0.7740799928192335
0.16092376940174308,0.18409825921267894,0.7654812707323937
0.24674514242723644,0.29648836881248014,0.7647690981451143
0.13950716637396043,0.15805186277760666,0.756126275728353
0.16980924478641965,0.18381020710039014,0.815021358985791
0.0983022871147018,0.17058246189559184,0.4590289426273386
0.1258697446196244,0.1665412519281683,0.6356968222220858
0.09038034462138612,0.27367001760621684,0.2571722881337196
0.08227491005890848,0.1917874362916041,0.3247079749490071
0.10883999799665806,0.1442144931361097,0.6160268365871578
0.11377577516749901,0.1602563149241848,0.5851611851418344
0.1185902044954498,0.15411272038614462,0.6397278839048607
0.14482622389815358,0.19621991407550105,0.6361547169474513
0.17233334860320332,0.18628852628264397,0.8177280246024247
0.2625839270776407,0.349685802045257,0.6937196925319977
0.20810126583315836,0.19138505596904198,0.9828419720690481
0.12519934276057337,0.14471862953915296,0.7269232931210986
0.15038630259187244,0.19031253245680946,0.6851167440665685
0.13838017800918503,0.19275580676321344,0.6141458459646122
0.1763519270973488,0.21601639275902285,0.7237965836776435
0.09522015434851654,0.15324336329698476,0.49085423818805324
0.05976909072963294,0.11613819567525373,0.3424290389428427
0.12446254082221343,0.2182455803516752,0.478646764135545
0.13065527052833548,0.21462689009524025,0.5155703951132704
0.12097049074684232,0.20369437420393052,0.4956960207735279
0.14051841572636126,0.13585867689760822,0.8870866291241127
0.09961490079054162,0.1250061523523473,0.6368878594561962
0.14392683897525224,0.18994704450803643,0.6524283612636523
0.12898750764219685,0.16112982759191427,0.6763956076352557
0.14549386535625275,0.17047163136459823,0.7361568863493262
0.23491113828843377,0.28850546419977885,0.7449118472834751
0.15179242553944214,0.1927592822783088,0.6837150666973237
0.20287175297327453,0.2345304255439291,0.7797357317250143
0.14103167129736072,0.18579629872560247,0.6514213260841601
0.12505072257908176,0.15246547387085183,0.689013190409696
0.157987052184544,0.17121690621141772,0.805919551041054
0.08888617716843593,0.1666662496027631,0.41331809729096997
0.15511318102765856,0.21177157791066253,0.638013761623182
0.0816863377380184,0.14076717545311637,0.43821535481873414
0.2506303803332003,0.3193044208583406,0.7222899692814446
0.06294408778609,0.1276285195897984,0.33647720685089416
0.14310878448666997,0.1529631157527166,0.8048266007191579
0.060989421987308556,0.17565325427500666,0.23335418496223587
0.11378959917440747,0.21309853331132875,0.4401231567248024
0.12208159159011052,0.14925959462821045,0.683919796542291
0.12746377097749192,0.158573446853681,0.6776908310295542
0.06640567677860905,0.11267909664000343,0.41183926888293904
0.23715879821442498,0.32097201540589226,0.6765661421909696
0.13224604004956847,0.1765152631884724,0.6358999104214511
0.1048230066301139,0.1177097973291336,0.7206112707248702
0.1222795869774398,0.19681598515990378,0.5196711379634251
0.11285614166602363,0.174521442813226,0.5320615058483036
0.11031538675154672,0.1756306114879072,0.5142348818717474
0.13073318484415927,0.16632951739461646,0.6657458434238404
0.13588316446053494,0.1952796075398933,0.5934217398345671
0.11188729305585134,0.1764531343927486,0.5207461651053985
0.1294522907521266,0.18982202847755547,0.5766047893912809
0.12339605883668273,0.14296449303049558,0.7232289405917555
0.0822643581142904,0.13023109431561178,0.478106695190584
0.1600230709812957,0.2121537479203481,0.660007529227655
0.16607642986170412,0.14450505875103306,1.0108741598685371
0.1589911654654811,0.1975361999979747,0.7036237685391648
0.09336100931985532,0.17223335744237891,0.4259396112881235
0.12677743826473867,0.16540576566263962,0.6455484658407926
0.17933699125782857,0.23129348507915368,0.688895284721487
0.10467357046251037,0.12786620288098577,0.6622044649384179
0.14913742006945777,0.1747119428296366,0.7391447772713569
0.08775801160028515,0.12370550656546563,0.5477364224237442
0.1026245802996443,0.16618887117045716,0.497172763240552
0.152607204484728,0.181824636465381,0.7293137336203399
0.13427468486390562,0.18789543083140636,0.6081823509930973
0.07763359878844259,0.14865020947539231,0.3877128662774155
0.10407008826674752,0.15900212205780315,0.5287356368500852
0.0983112395650022,0.14281423054142986,0.5483433917482363
0.14093698090030707,0.18731138533779926,0.6456467164673845
0.08757206922403629,0.17126899368824933,0.3945376671450156
0.11571259846303483,0.14362770547934275,0.6663937026885157
0.10417566672922035,0.16730019689329526,0.5031414684042956
0.1298977442661254,0.12003691724425675,0.9155328776271413
0.11077846470976505,0.15563397004768675,0.5832818161867247
